Source,Year,Mean
GCAG,1850-01,-0.7337
GCAG,1850-02,-0.3604
GCAG,1850-03,-0.6271
GCAG,1850-04,-0.6053
GCAG,1850-05,-0.5315
GCAG,1850-06,-0.3517
GCAG,1850-07,-0.1755
GCAG,1850-08,-0.2235
GCAG,1850-09,-0.3938
GCAG,1850-10,-0.5162
GCAG,1850-11,-0.2765
GCAG,1850-12,-0.3224
GCAG,1851-01,-0.2656
GCAG,1851-02,-0.4673
GCAG,1851-03,-0.641
GCAG,1851-04,-0.5283
GCAG,1851-05,-0.2218
GCAG,1851-06,-0.2073
GCAG,1851-07,-0.1364
GCAG,1851-08,-0.1476
GCAG,1851-09,-0.146
GCAG,1851-10,-0.0453
GCAG,1851-11,-0.1077
GCAG,1851-12,-0.2479
GCAG,1852-01,-0.3459
GCAG,1852-02,-0.4964
GCAG,1852-03,-0.5669
GCAG,1852-04,-0.5746
GCAG,1852-05,-0.1126
GCAG,1852-06,-0.0772
GCAG,1852-07,0.009
GCAG,1852-08,-0.149
GCAG,1852-09,-0.0064
GCAG,1852-10,-0.1576
GCAG,1852-11,-0.2752
GCAG,1852-12,0.0643
GCAG,1853-01,-0.2042
GCAG,1853-02,-0.3986
GCAG,1853-03,-0.2726
GCAG,1853-04,-0.4011
GCAG,1853-05,-0.2701
GCAG,1853-06,-0.1243
GCAG,1853-07,-0.0719
GCAG,1853-08,-0.0398
GCAG,1853-09,-0.2664
GCAG,1853-10,-0.3728
GCAG,1853-11,-0.4008
GCAG,1853-12,-0.3256
GCAG,1854-01,-0.4025
GCAG,1854-02,-0.3916
GCAG,1854-03,-0.2471
GCAG,1854-04,-0.327
GCAG,1854-05,-0.2774
GCAG,1854-06,-0.3021
GCAG,1854-07,-0.1619
GCAG,1854-08,-0.2326
GCAG,1854-09,-0.2158
GCAG,1854-10,-0.0993
GCAG,1854-11,-0.4121
GCAG,1854-12,-0.4537
GCAG,1855-01,-0.1703
GCAG,1855-02,-0.3129
GCAG,1855-03,-0.3449
GCAG,1855-04,-0.2106
GCAG,1855-05,-0.3684
GCAG,1855-06,-0.333
GCAG,1855-07,-0.3146
GCAG,1855-08,-0.2018
GCAG,1855-09,-0.2586
GCAG,1855-10,-0.2
GCAG,1855-11,-0.3738
GCAG,1855-12,-0.4077
GCAG,1856-01,-0.0828
GCAG,1856-02,-0.3472
GCAG,1856-03,-0.3712
GCAG,1856-04,-0.3145
GCAG,1856-05,-0.2925
GCAG,1856-06,-0.2252
GCAG,1856-07,-0.2229
GCAG,1856-08,-0.2486
GCAG,1856-09,-0.4018
GCAG,1856-10,-0.446
GCAG,1856-11,-0.5613
GCAG,1856-12,-0.4231
GCAG,1857-01,-0.4943
GCAG,1857-02,-0.4419
GCAG,1857-03,-0.4883
GCAG,1857-04,-0.6748
GCAG,1857-05,-0.6539
GCAG,1857-06,-0.2912
GCAG,1857-07,-0.4041
GCAG,1857-08,-0.3556
GCAG,1857-09,-0.3683
GCAG,1857-10,-0.467
GCAG,1857-11,-0.6621
GCAG,1857-12,-0.2888
GCAG,1858-01,-0.3361
GCAG,1858-02,-0.4876
GCAG,1858-03,-0.5661
GCAG,1858-04,-0.4297
GCAG,1858-05,-0.5225
GCAG,1858-06,-0.36
GCAG,1858-07,-0.3405
GCAG,1858-08,-0.2875
GCAG,1858-09,-0.2801
GCAG,1858-10,-0.2918
GCAG,1858-11,-0.4044
GCAG,1858-12,-0.4546
GCAG,1859-01,-0.4054
GCAG,1859-02,-0.3508
GCAG,1859-03,-0.3224
GCAG,1859-04,-0.189
GCAG,1859-05,-0.1699
GCAG,1859-06,-0.2401
GCAG,1859-07,-0.2905
GCAG,1859-08,-0.2664
GCAG,1859-09,-0.4007
GCAG,1859-10,-0.2471
GCAG,1859-11,-0.3101
GCAG,1859-12,-0.3114
GCAG,1860-01,-0.3904
GCAG,1860-02,-0.4784
GCAG,1860-03,-0.7893
GCAG,1860-04,-0.3096
GCAG,1860-05,-0.3711
GCAG,1860-06,-0.2128
GCAG,1860-07,-0.211
GCAG,1860-08,-0.1366
GCAG,1860-09,-0.1765
GCAG,1860-10,-0.3911
GCAG,1860-11,-0.6222
GCAG,1860-12,-0.7965
GCAG,1861-01,-0.9052
GCAG,1861-02,-0.6805
GCAG,1861-03,-0.4216
GCAG,1861-04,-0.3964
GCAG,1861-05,-0.6967
GCAG,1861-06,-0.2724
GCAG,1861-07,-0.349
GCAG,1861-08,-0.0976
GCAG,1861-09,-0.3337
GCAG,1861-10,-0.5158
GCAG,1861-11,-0.4877
GCAG,1861-12,-0.4078
GCAG,1862-01,-0.8303
GCAG,1862-02,-0.7971
GCAG,1862-03,-0.5376
GCAG,1862-04,-0.5328
GCAG,1862-05,-0.3448
GCAG,1862-06,-0.2752
GCAG,1862-07,-0.3561
GCAG,1862-08,-0.5005
GCAG,1862-09,-0.3993
GCAG,1862-10,-0.501
GCAG,1862-11,-0.6849
GCAG,1862-12,-0.8983
GCAG,1863-01,-0.0872
GCAG,1863-02,-0.2836
GCAG,1863-03,-0.4144
GCAG,1863-04,-0.3359
GCAG,1863-05,-0.3909
GCAG,1863-06,-0.4184
GCAG,1863-07,-0.3569
GCAG,1863-08,-0.335
GCAG,1863-09,-0.4046
GCAG,1863-10,-0.5606
GCAG,1863-11,-0.5001
GCAG,1863-12,-0.5064
GCAG,1864-01,-0.8249
GCAG,1864-02,-0.6053
GCAG,1864-03,-0.5314
GCAG,1864-04,-0.5567
GCAG,1864-05,-0.346
GCAG,1864-06,-0.1159
GCAG,1864-07,-0.2875
GCAG,1864-08,-0.3439
GCAG,1864-09,-0.526
GCAG,1864-10,-0.6723
GCAG,1864-11,-0.4921
GCAG,1864-12,-0.6274
GCAG,1865-01,-0.2297
GCAG,1865-02,-0.5129
GCAG,1865-03,-0.7171
GCAG,1865-04,-0.5454
GCAG,1865-05,-0.4949
GCAG,1865-06,-0.2513
GCAG,1865-07,-0.2965
GCAG,1865-08,-0.2469
GCAG,1865-09,-0.2326
GCAG,1865-10,-0.3287
GCAG,1865-11,-0.338
GCAG,1865-12,-0.5129
GCAG,1866-01,-0.2304
GCAG,1866-02,-0.4721
GCAG,1866-03,-0.7483
GCAG,1866-04,-0.5492
GCAG,1866-05,-0.5993
GCAG,1866-06,-0.1297
GCAG,1866-07,-0.0532
GCAG,1866-08,-0.2914
GCAG,1866-09,-0.4619
GCAG,1866-10,-0.4598
GCAG,1866-11,-0.3634
GCAG,1866-12,-0.4433
GCAG,1867-01,-0.5012
GCAG,1867-02,-0.4076
GCAG,1867-03,-0.7115
GCAG,1867-04,-0.4893
GCAG,1867-05,-0.6158
GCAG,1867-06,-0.3497
GCAG,1867-07,-0.2586
GCAG,1867-08,-0.3253
GCAG,1867-09,-0.1938
GCAG,1867-10,-0.1567
GCAG,1867-11,-0.2908
GCAG,1867-12,-0.4925
GCAG,1868-01,-0.7066
GCAG,1868-02,-0.7107
GCAG,1868-03,-0.3315
GCAG,1868-04,-0.3836
GCAG,1868-05,-0.2822
GCAG,1868-06,-0.2976
GCAG,1868-07,-0.0465
GCAG,1868-08,-0.195
GCAG,1868-09,-0.375
GCAG,1868-10,-0.2431
GCAG,1868-11,-0.4506
GCAG,1868-12,-0.335
GCAG,1869-01,-0.3041
GCAG,1869-02,0.1374
GCAG,1869-03,-0.6509
GCAG,1869-04,-0.4116
GCAG,1869-05,-0.3108
GCAG,1869-06,-0.3964
GCAG,1869-07,-0.4317
GCAG,1869-08,-0.1784
GCAG,1869-09,-0.1691
GCAG,1869-10,-0.2909
GCAG,1869-11,-0.2911
GCAG,1869-12,-0.5246
GCAG,1870-01,-0.2144
GCAG,1870-02,-0.4571
GCAG,1870-03,-0.4953
GCAG,1870-04,-0.3571
GCAG,1870-05,-0.3039
GCAG,1870-06,-0.2068
GCAG,1870-07,-0.0832
GCAG,1870-08,-0.2555
GCAG,1870-09,-0.2018
GCAG,1870-10,-0.4278
GCAG,1870-11,-0.2553
GCAG,1870-12,-0.675
GCAG,1871-01,-0.5915
GCAG,1871-02,-0.6884
GCAG,1871-03,-0.1714
GCAG,1871-04,-0.2224
GCAG,1871-05,-0.3484
GCAG,1871-06,-0.2698
GCAG,1871-07,-0.0727
GCAG,1871-08,-0.3237
GCAG,1871-09,-0.3571
GCAG,1871-10,-0.3734
GCAG,1871-11,-0.5423
GCAG,1871-12,-0.5201
GCAG,1872-01,-0.5939
GCAG,1872-02,-0.6274
GCAG,1872-03,-0.5185
GCAG,1872-04,-0.3662
GCAG,1872-05,-0.1213
GCAG,1872-06,-0.2669
GCAG,1872-07,-0.1095
GCAG,1872-08,0.0327
GCAG,1872-09,-0.1553
GCAG,1872-10,-0.1744
GCAG,1872-11,-0.2919
GCAG,1872-12,-0.5209
GCAG,1873-01,-0.2368
GCAG,1873-02,-0.2724
GCAG,1873-03,-0.3901
GCAG,1873-04,-0.4621
GCAG,1873-05,-0.3187
GCAG,1873-06,-0.2967
GCAG,1873-07,-0.1578
GCAG,1873-08,-0.2166
GCAG,1873-09,-0.3776
GCAG,1873-10,-0.3765
GCAG,1873-11,-0.4293
GCAG,1873-12,-0.3195
GCAG,1874-01,-0.1817
GCAG,1874-02,-0.4286
GCAG,1874-03,-0.6643
GCAG,1874-04,-0.4215
GCAG,1874-05,-0.3108
GCAG,1874-06,-0.5556
GCAG,1874-07,-0.1706
GCAG,1874-08,-0.2875
GCAG,1874-09,-0.1597
GCAG,1874-10,-0.4668
GCAG,1874-11,-0.4218
GCAG,1874-12,-0.316
GCAG,1875-01,-0.5756
GCAG,1875-02,-0.4427
GCAG,1875-03,-0.5592
GCAG,1875-04,-0.3403
GCAG,1875-05,-0.2512
GCAG,1875-06,-0.265
GCAG,1875-07,-0.1809
GCAG,1875-08,-0.2272
GCAG,1875-09,-0.2368
GCAG,1875-10,-0.2297
GCAG,1875-11,-0.507
GCAG,1875-12,-0.5855
GCAG,1876-01,-0.5027
GCAG,1876-02,-0.3276
GCAG,1876-03,-0.3379
GCAG,1876-04,-0.3943
GCAG,1876-05,-0.5482
GCAG,1876-06,-0.3242
GCAG,1876-07,-0.2006
GCAG,1876-08,-0.3257
GCAG,1876-09,-0.4358
GCAG,1876-10,-0.3057
GCAG,1876-11,-0.6008
GCAG,1876-12,-0.6268
GCAG,1877-01,-0.409
GCAG,1877-02,-0.1948
GCAG,1877-03,-0.0702
GCAG,1877-04,-0.3158
GCAG,1877-05,-0.4035
GCAG,1877-06,-0.1095
GCAG,1877-07,0.0166
GCAG,1877-08,0.2297
GCAG,1877-09,0.1274
GCAG,1877-10,0.1246
GCAG,1877-11,0.043
GCAG,1877-12,-0.0277
GCAG,1878-01,-0.0405
GCAG,1878-02,0.2612
GCAG,1878-03,0.403
GCAG,1878-04,0.2096
GCAG,1878-05,-0.0917
GCAG,1878-06,0.0182
GCAG,1878-07,-0.0617
GCAG,1878-08,-0.0449
GCAG,1878-09,0.0278
GCAG,1878-10,-0.1477
GCAG,1878-11,-0.1189
GCAG,1878-12,-0.2904
GCAG,1879-01,-0.2122
GCAG,1879-02,-0.2373
GCAG,1879-03,-0.2468
GCAG,1879-04,-0.3566
GCAG,1879-05,-0.3301
GCAG,1879-06,-0.2498
GCAG,1879-07,-0.2727
GCAG,1879-08,-0.2622
GCAG,1879-09,-0.229
GCAG,1879-10,-0.1503
GCAG,1879-11,-0.3754
GCAG,1879-12,-0.5423
GISTEMP,1880-01,-0.19
GCAG,1880-01,-0.3816
GISTEMP,1880-02,-0.25
GCAG,1880-02,-0.4331
GISTEMP,1880-03,-0.1
GCAG,1880-03,-0.1816
GISTEMP,1880-04,-0.17
GCAG,1880-04,-0.3249
GISTEMP,1880-05,-0.1
GCAG,1880-05,-0.3183
GISTEMP,1880-06,-0.21
GCAG,1880-06,-0.3668
GISTEMP,1880-07,-0.19
GCAG,1880-07,-0.32
GISTEMP,1880-08,-0.11
GCAG,1880-08,-0.0949
GISTEMP,1880-09,-0.15
GCAG,1880-09,-0.2884
GISTEMP,1880-10,-0.24
GCAG,1880-10,-0.3753
GISTEMP,1880-11,-0.22
GCAG,1880-11,-0.2591
GISTEMP,1880-12,-0.19
GCAG,1880-12,-0.294
GISTEMP,1881-01,-0.2
GCAG,1881-01,-0.1739
GISTEMP,1881-02,-0.16
GCAG,1881-02,-0.1996
GISTEMP,1881-03,0.02
GCAG,1881-03,-0.2154
GISTEMP,1881-04,0.04
GCAG,1881-04,-0.0534
GISTEMP,1881-05,0.06
GCAG,1881-05,-0.0987
GISTEMP,1881-06,-0.19
GCAG,1881-06,-0.3896
GISTEMP,1881-07,0.01
GCAG,1881-07,-0.1827
GISTEMP,1881-08,-0.04
GCAG,1881-08,-0.1318
GISTEMP,1881-09,-0.15
GCAG,1881-09,-0.2867
GISTEMP,1881-10,-0.22
GCAG,1881-10,-0.217
GISTEMP,1881-11,-0.19
GCAG,1881-11,-0.3699
GISTEMP,1881-12,-0.07
GCAG,1881-12,-0.2374
GISTEMP,1882-01,0.16
GCAG,1882-01,-0.0118
GISTEMP,1882-02,0.14
GCAG,1882-02,-0.0981
GISTEMP,1882-03,0.04
GCAG,1882-03,-0.146
GISTEMP,1882-04,-0.16
GCAG,1882-04,-0.2892
GISTEMP,1882-05,-0.14
GCAG,1882-05,-0.2898
GISTEMP,1882-06,-0.22
GCAG,1882-06,-0.3581
GISTEMP,1882-07,-0.16
GCAG,1882-07,-0.3078
GISTEMP,1882-08,-0.08
GCAG,1882-08,-0.2239
GISTEMP,1882-09,-0.15
GCAG,1882-09,-0.1453
GISTEMP,1882-10,-0.23
GCAG,1882-10,-0.3824
GISTEMP,1882-11,-0.17
GCAG,1882-11,-0.3851
GISTEMP,1882-12,-0.36
GCAG,1882-12,-0.6278
GISTEMP,1883-01,-0.29
GCAG,1883-01,-0.4403
GISTEMP,1883-02,-0.36
GCAG,1883-02,-0.4484
GISTEMP,1883-03,-0.12
GCAG,1883-03,-0.2487
GISTEMP,1883-04,-0.18
GCAG,1883-04,-0.4166
GISTEMP,1883-05,-0.17
GCAG,1883-05,-0.3235
GISTEMP,1883-06,-0.07
GCAG,1883-06,-0.1592
GISTEMP,1883-07,-0.07
GCAG,1883-07,-0.2155
GISTEMP,1883-08,-0.14
GCAG,1883-08,-0.2777
GISTEMP,1883-09,-0.22
GCAG,1883-09,-0.3012
GISTEMP,1883-10,-0.11
GCAG,1883-10,-0.3232
GISTEMP,1883-11,-0.24
GCAG,1883-11,-0.3733
GISTEMP,1883-12,-0.11
GCAG,1883-12,-0.4031
GISTEMP,1884-01,-0.13
GCAG,1884-01,-0.426
GISTEMP,1884-02,-0.08
GCAG,1884-02,-0.3104
GISTEMP,1884-03,-0.36
GCAG,1884-03,-0.4914
GISTEMP,1884-04,-0.4
GCAG,1884-04,-0.4687
GISTEMP,1884-05,-0.34
GCAG,1884-05,-0.5461
GISTEMP,1884-06,-0.35
GCAG,1884-06,-0.4881
GISTEMP,1884-07,-0.3
GCAG,1884-07,-0.5557
GISTEMP,1884-08,-0.28
GCAG,1884-08,-0.4198
GISTEMP,1884-09,-0.27
GCAG,1884-09,-0.4978
GISTEMP,1884-10,-0.25
GCAG,1884-10,-0.4483
GISTEMP,1884-11,-0.34
GCAG,1884-11,-0.5693
GISTEMP,1884-12,-0.31
GCAG,1884-12,-0.472
GISTEMP,1885-01,-0.59
GCAG,1885-01,-0.6448
GISTEMP,1885-02,-0.34
GCAG,1885-02,-0.5387
GISTEMP,1885-03,-0.27
GCAG,1885-03,-0.4076
GISTEMP,1885-04,-0.42
GCAG,1885-04,-0.6183
GISTEMP,1885-05,-0.46
GCAG,1885-05,-0.592
GISTEMP,1885-06,-0.44
GCAG,1885-06,-0.6259
GISTEMP,1885-07,-0.34
GCAG,1885-07,-0.4087
GISTEMP,1885-08,-0.32
GCAG,1885-08,-0.3961
GISTEMP,1885-09,-0.28
GCAG,1885-09,-0.3477
GISTEMP,1885-10,-0.23
GCAG,1885-10,-0.3461
GISTEMP,1885-11,-0.24
GCAG,1885-11,-0.3678
GISTEMP,1885-12,-0.1
GCAG,1885-12,-0.204
GISTEMP,1886-01,-0.44
GCAG,1886-01,-0.4579
GISTEMP,1886-02,-0.51
GCAG,1886-02,-0.4703
GISTEMP,1886-03,-0.43
GCAG,1886-03,-0.4666
GISTEMP,1886-04,-0.28
GCAG,1886-04,-0.3433
GISTEMP,1886-05,-0.25
GCAG,1886-05,-0.2794
GISTEMP,1886-06,-0.35
GCAG,1886-06,-0.4983
GISTEMP,1886-07,-0.19
GCAG,1886-07,-0.2972
GISTEMP,1886-08,-0.31
GCAG,1886-08,-0.4495
GISTEMP,1886-09,-0.24
GCAG,1886-09,-0.3802
GISTEMP,1886-10,-0.28
GCAG,1886-10,-0.3992
GISTEMP,1886-11,-0.28
GCAG,1886-11,-0.4756
GISTEMP,1886-12,-0.26
GCAG,1886-12,-0.3806
GISTEMP,1887-01,-0.72
GCAG,1887-01,-0.7341
GISTEMP,1887-02,-0.57
GCAG,1887-02,-0.6458
GISTEMP,1887-03,-0.36
GCAG,1887-03,-0.4351
GISTEMP,1887-04,-0.35
GCAG,1887-04,-0.473
GISTEMP,1887-05,-0.31
GCAG,1887-05,-0.5125
GISTEMP,1887-06,-0.25
GCAG,1887-06,-0.5117
GISTEMP,1887-07,-0.26
GCAG,1887-07,-0.3789
GISTEMP,1887-08,-0.36
GCAG,1887-08,-0.4383
GISTEMP,1887-09,-0.26
GCAG,1887-09,-0.3789
GISTEMP,1887-10,-0.36
GCAG,1887-10,-0.4344
GISTEMP,1887-11,-0.26
GCAG,1887-11,-0.4282
GISTEMP,1887-12,-0.33
GCAG,1887-12,-0.4893
GISTEMP,1888-01,-0.35
GCAG,1888-01,-0.6151
GISTEMP,1888-02,-0.37
GCAG,1888-02,-0.5852
GISTEMP,1888-03,-0.42
GCAG,1888-03,-0.5926
GISTEMP,1888-04,-0.21
GCAG,1888-04,-0.3435
GISTEMP,1888-05,-0.22
GCAG,1888-05,-0.3986
GISTEMP,1888-06,-0.18
GCAG,1888-06,-0.3146
GISTEMP,1888-07,-0.11
GCAG,1888-07,-0.3349
GISTEMP,1888-08,-0.16
GCAG,1888-08,-0.3038
GISTEMP,1888-09,-0.12
GCAG,1888-09,-0.3202
GISTEMP,1888-10,0.01
GCAG,1888-10,-0.158
GISTEMP,1888-11,0.02
GCAG,1888-11,-0.2564
GISTEMP,1888-12,-0.05
GCAG,1888-12,-0.2482
GISTEMP,1889-01,-0.1
GCAG,1889-01,-0.2939
GISTEMP,1889-02,0.16
GCAG,1889-02,-0.0052
GISTEMP,1889-03,0.06
GCAG,1889-03,-0.0793
GISTEMP,1889-04,0.09
GCAG,1889-04,-0.0821
GISTEMP,1889-05,-0.01
GCAG,1889-05,-0.1575
GISTEMP,1889-06,-0.1
GCAG,1889-06,-0.216
GISTEMP,1889-07,-0.08
GCAG,1889-07,-0.291
GISTEMP,1889-08,-0.2
GCAG,1889-08,-0.3151
GISTEMP,1889-09,-0.24
GCAG,1889-09,-0.3493
GISTEMP,1889-10,-0.26
GCAG,1889-10,-0.3608
GISTEMP,1889-11,-0.34
GCAG,1889-11,-0.5087
GISTEMP,1889-12,-0.29
GCAG,1889-12,-0.346
GISTEMP,1890-01,-0.42
GCAG,1890-01,-0.5159
GISTEMP,1890-02,-0.45
GCAG,1890-02,-0.4486
GISTEMP,1890-03,-0.4
GCAG,1890-03,-0.6164
GISTEMP,1890-04,-0.3
GCAG,1890-04,-0.4919
GISTEMP,1890-05,-0.4
GCAG,1890-05,-0.5295
GISTEMP,1890-06,-0.25
GCAG,1890-06,-0.4847
GISTEMP,1890-07,-0.28
GCAG,1890-07,-0.4858
GISTEMP,1890-08,-0.39
GCAG,1890-08,-0.4688
GISTEMP,1890-09,-0.36
GCAG,1890-09,-0.4766
GISTEMP,1890-10,-0.25
GCAG,1890-10,-0.4367
GISTEMP,1890-11,-0.44
GCAG,1890-11,-0.6672
GISTEMP,1890-12,-0.32
GCAG,1890-12,-0.3808
GISTEMP,1891-01,-0.33
GCAG,1891-01,-0.5744
GISTEMP,1891-02,-0.46
GCAG,1891-02,-0.5928
GISTEMP,1891-03,-0.18
GCAG,1891-03,-0.3558
GISTEMP,1891-04,-0.27
GCAG,1891-04,-0.4379
GISTEMP,1891-05,-0.16
GCAG,1891-05,-0.3342
GISTEMP,1891-06,-0.21
GCAG,1891-06,-0.3654
GISTEMP,1891-07,-0.18
GCAG,1891-07,-0.4002
GISTEMP,1891-08,-0.17
GCAG,1891-08,-0.3607
GISTEMP,1891-09,-0.15
GCAG,1891-09,-0.2614
GISTEMP,1891-10,-0.21
GCAG,1891-10,-0.3342
GISTEMP,1891-11,-0.31
GCAG,1891-11,-0.53
GISTEMP,1891-12,-0.04
GCAG,1891-12,-0.2233
GISTEMP,1892-01,-0.29
GCAG,1892-01,-0.4716
GISTEMP,1892-02,-0.12
GCAG,1892-02,-0.288
GISTEMP,1892-03,-0.4
GCAG,1892-03,-0.5216
GISTEMP,1892-04,-0.33
GCAG,1892-04,-0.5371
GISTEMP,1892-05,-0.23
GCAG,1892-05,-0.452
GISTEMP,1892-06,-0.22
GCAG,1892-06,-0.4316
GISTEMP,1892-07,-0.31
GCAG,1892-07,-0.59
GISTEMP,1892-08,-0.27
GCAG,1892-08,-0.5112
GISTEMP,1892-09,-0.17
GCAG,1892-09,-0.3872
GISTEMP,1892-10,-0.14
GCAG,1892-10,-0.4369
GISTEMP,1892-11,-0.42
GCAG,1892-11,-0.6623
GISTEMP,1892-12,-0.39
GCAG,1892-12,-0.7892
GISTEMP,1893-01,-0.81
GCAG,1893-01,-1.04
GISTEMP,1893-02,-0.57
GCAG,1893-02,-0.8461
GISTEMP,1893-03,-0.22
GCAG,1893-03,-0.4215
GISTEMP,1893-04,-0.28
GCAG,1893-04,-0.5083
GISTEMP,1893-05,-0.34
GCAG,1893-05,-0.5703
GISTEMP,1893-06,-0.25
GCAG,1893-06,-0.4526
GISTEMP,1893-07,-0.14
GCAG,1893-07,-0.2528
GISTEMP,1893-08,-0.25
GCAG,1893-08,-0.2951
GISTEMP,1893-09,-0.22
GCAG,1893-09,-0.3691
GISTEMP,1893-10,-0.18
GCAG,1893-10,-0.3052
GISTEMP,1893-11,-0.19
GCAG,1893-11,-0.4018
GISTEMP,1893-12,-0.32
GCAG,1893-12,-0.4767
GISTEMP,1894-01,-0.53
GCAG,1894-01,-0.6305
GISTEMP,1894-02,-0.29
GCAG,1894-02,-0.419
GISTEMP,1894-03,-0.23
GCAG,1894-03,-0.4981
GISTEMP,1894-04,-0.45
GCAG,1894-04,-0.5233
GISTEMP,1894-05,-0.31
GCAG,1894-05,-0.5135
GISTEMP,1894-06,-0.41
GCAG,1894-06,-0.58
GISTEMP,1894-07,-0.24
GCAG,1894-07,-0.398
GISTEMP,1894-08,-0.24
GCAG,1894-08,-0.3547
GISTEMP,1894-09,-0.28
GCAG,1894-09,-0.4397
GISTEMP,1894-10,-0.23
GCAG,1894-10,-0.3987
GISTEMP,1894-11,-0.26
GCAG,1894-11,-0.451
GISTEMP,1894-12,-0.21
GCAG,1894-12,-0.5385
GISTEMP,1895-01,-0.41
GCAG,1895-01,-0.6363
GISTEMP,1895-02,-0.43
GCAG,1895-02,-0.6321
GISTEMP,1895-03,-0.33
GCAG,1895-03,-0.6096
GISTEMP,1895-04,-0.22
GCAG,1895-04,-0.4481
GISTEMP,1895-05,-0.28
GCAG,1895-05,-0.4688
GISTEMP,1895-06,-0.21
GCAG,1895-06,-0.4206
GISTEMP,1895-07,-0.17
GCAG,1895-07,-0.3382
GISTEMP,1895-08,-0.17
GCAG,1895-08,-0.3741
GISTEMP,1895-09,-0.12
GCAG,1895-09,-0.3884
GISTEMP,1895-10,-0.11
GCAG,1895-10,-0.3137
GISTEMP,1895-11,-0.17
GCAG,1895-11,-0.3124
GISTEMP,1895-12,-0.15
GCAG,1895-12,-0.3598
GISTEMP,1896-01,-0.23
GCAG,1896-01,-0.3144
GISTEMP,1896-02,-0.13
GCAG,1896-02,-0.3287
GISTEMP,1896-03,-0.26
GCAG,1896-03,-0.5803
GISTEMP,1896-04,-0.31
GCAG,1896-04,-0.5287
GISTEMP,1896-05,-0.16
GCAG,1896-05,-0.3471
GISTEMP,1896-06,-0.11
GCAG,1896-06,-0.2236
GISTEMP,1896-07,-0.03
GCAG,1896-07,-0.1847
GISTEMP,1896-08,-0.06
GCAG,1896-08,-0.1728
GISTEMP,1896-09,-0.08
GCAG,1896-09,-0.1551
GISTEMP,1896-10,0.06
GCAG,1896-10,-0.117
GISTEMP,1896-11,-0.05
GCAG,1896-11,-0.3081
GISTEMP,1896-12,-0.05
GCAG,1896-12,-0.0825
GISTEMP,1897-01,-0.15
GCAG,1897-01,-0.2898
GISTEMP,1897-02,-0.17
GCAG,1897-02,-0.3375
GISTEMP,1897-03,-0.14
GCAG,1897-03,-0.4101
GISTEMP,1897-04,-0.03
GCAG,1897-04,-0.1087
GISTEMP,1897-05,-0.02
GCAG,1897-05,-0.1214
GISTEMP,1897-06,-0.12
GCAG,1897-06,-0.1698
GISTEMP,1897-07,-0.03
GCAG,1897-07,-0.1899
GISTEMP,1897-08,-0.09
GCAG,1897-08,-0.1829
GISTEMP,1897-09,-0.08
GCAG,1897-09,-0.1764
GISTEMP,1897-10,-0.13
GCAG,1897-10,-0.2058
GISTEMP,1897-11,-0.19
GCAG,1897-11,-0.4101
GISTEMP,1897-12,-0.21
GCAG,1897-12,-0.4533
GISTEMP,1898-01,-0.03
GCAG,1898-01,-0.1852
GISTEMP,1898-02,-0.31
GCAG,1898-02,-0.544
GISTEMP,1898-03,-0.51
GCAG,1898-03,-0.8334
GISTEMP,1898-04,-0.3
GCAG,1898-04,-0.6605
GISTEMP,1898-05,-0.3
GCAG,1898-05,-0.548
GISTEMP,1898-06,-0.19
GCAG,1898-06,-0.3343
GISTEMP,1898-07,-0.22
GCAG,1898-07,-0.3907
GISTEMP,1898-08,-0.27
GCAG,1898-08,-0.3948
GISTEMP,1898-09,-0.22
GCAG,1898-09,-0.3599
GISTEMP,1898-10,-0.35
GCAG,1898-10,-0.4759
GISTEMP,1898-11,-0.38
GCAG,1898-11,-0.4949
GISTEMP,1898-12,-0.24
GCAG,1898-12,-0.4668
GISTEMP,1899-01,-0.17
GCAG,1899-01,-0.3436
GISTEMP,1899-02,-0.38
GCAG,1899-02,-0.5276
GISTEMP,1899-03,-0.36
GCAG,1899-03,-0.5634
GISTEMP,1899-04,-0.2
GCAG,1899-04,-0.4177
GISTEMP,1899-05,-0.23
GCAG,1899-05,-0.3581
GISTEMP,1899-06,-0.31
GCAG,1899-06,-0.5072
GISTEMP,1899-07,-0.16
GCAG,1899-07,-0.3643
GISTEMP,1899-08,-0.08
GCAG,1899-08,-0.2368
GISTEMP,1899-09,-0.04
GCAG,1899-09,-0.143
GISTEMP,1899-10,-0.03
GCAG,1899-10,-0.1759
GISTEMP,1899-11,0.12
GCAG,1899-11,-0.0465
GISTEMP,1899-12,-0.26
GCAG,1899-12,-0.4475
GISTEMP,1900-01,-0.36
GCAG,1900-01,-0.4812
GISTEMP,1900-02,-0.06
GCAG,1900-02,-0.192
GISTEMP,1900-03,0.0
GCAG,1900-03,-0.1989
GISTEMP,1900-04,-0.09
GCAG,1900-04,-0.2253
GISTEMP,1900-05,-0.09
GCAG,1900-05,-0.3005
GISTEMP,1900-06,-0.1
GCAG,1900-06,-0.2233
GISTEMP,1900-07,-0.13
GCAG,1900-07,-0.2097
GISTEMP,1900-08,-0.09
GCAG,1900-08,-0.21
GISTEMP,1900-09,-0.05
GCAG,1900-09,-0.1929
GISTEMP,1900-10,0.09
GCAG,1900-10,-0.0578
GISTEMP,1900-11,-0.07
GCAG,1900-11,-0.2571
GISTEMP,1900-12,-0.07
GCAG,1900-12,-0.2132
GISTEMP,1901-01,-0.23
GCAG,1901-01,-0.264
GISTEMP,1901-02,-0.1
GCAG,1901-02,-0.2584
GISTEMP,1901-03,0.06
GCAG,1901-03,-0.1798
GISTEMP,1901-04,-0.03
GCAG,1901-04,-0.1648
GISTEMP,1901-05,-0.15
GCAG,1901-05,-0.2345
GISTEMP,1901-06,-0.12
GCAG,1901-06,-0.256
GISTEMP,1901-07,-0.14
GCAG,1901-07,-0.3458
GISTEMP,1901-08,-0.2
GCAG,1901-08,-0.2114
GISTEMP,1901-09,-0.22
GCAG,1901-09,-0.3562
GISTEMP,1901-10,-0.29
GCAG,1901-10,-0.3356
GISTEMP,1901-11,-0.17
GCAG,1901-11,-0.3737
GISTEMP,1901-12,-0.28
GCAG,1901-12,-0.4657
GISTEMP,1902-01,-0.17
GCAG,1902-01,-0.4251
GISTEMP,1902-02,-0.08
GCAG,1902-02,-0.2241
GISTEMP,1902-03,-0.27
GCAG,1902-03,-0.4558
GISTEMP,1902-04,-0.27
GCAG,1902-04,-0.4443
GISTEMP,1902-05,-0.32
GCAG,1902-05,-0.4346
GISTEMP,1902-06,-0.32
GCAG,1902-06,-0.4501
GISTEMP,1902-07,-0.28
GCAG,1902-07,-0.4109
GISTEMP,1902-08,-0.3
GCAG,1902-08,-0.4305
GISTEMP,1902-09,-0.29
GCAG,1902-09,-0.3731
GISTEMP,1902-10,-0.3
GCAG,1902-10,-0.4973
GISTEMP,1902-11,-0.37
GCAG,1902-11,-0.5539
GISTEMP,1902-12,-0.42
GCAG,1902-12,-0.549
GISTEMP,1903-01,-0.24
GCAG,1903-01,-0.4225
GISTEMP,1903-02,-0.06
GCAG,1903-02,-0.2346
GISTEMP,1903-03,-0.23
GCAG,1903-03,-0.4061
GISTEMP,1903-04,-0.41
GCAG,1903-04,-0.5899
GISTEMP,1903-05,-0.4
GCAG,1903-05,-0.5138
GISTEMP,1903-06,-0.42
GCAG,1903-06,-0.5495
GISTEMP,1903-07,-0.35
GCAG,1903-07,-0.5112
GISTEMP,1903-08,-0.45
GCAG,1903-08,-0.6107
GISTEMP,1903-09,-0.49
GCAG,1903-09,-0.5712
GISTEMP,1903-10,-0.46
GCAG,1903-10,-0.6738
GISTEMP,1903-11,-0.42
GCAG,1903-11,-0.6311
GISTEMP,1903-12,-0.51
GCAG,1903-12,-0.7082
GISTEMP,1904-01,-0.63
GCAG,1904-01,-0.797
GISTEMP,1904-02,-0.59
GCAG,1904-02,-0.7668
GISTEMP,1904-03,-0.51
GCAG,1904-03,-0.6939
GISTEMP,1904-04,-0.5
GCAG,1904-04,-0.645
GISTEMP,1904-05,-0.52
GCAG,1904-05,-0.6114
GISTEMP,1904-06,-0.48
GCAG,1904-06,-0.5688
GISTEMP,1904-07,-0.51
GCAG,1904-07,-0.559
GISTEMP,1904-08,-0.49
GCAG,1904-08,-0.4841
GISTEMP,1904-09,-0.56
GCAG,1904-09,-0.6004
GISTEMP,1904-10,-0.39
GCAG,1904-10,-0.5525
GISTEMP,1904-11,-0.18
GCAG,1904-11,-0.392
GISTEMP,1904-12,-0.34
GCAG,1904-12,-0.4938
GISTEMP,1905-01,-0.35
GCAG,1905-01,-0.4566
GISTEMP,1905-02,-0.59
GCAG,1905-02,-0.7155
GISTEMP,1905-03,-0.21
GCAG,1905-03,-0.5189
GISTEMP,1905-04,-0.33
GCAG,1905-04,-0.5584
GISTEMP,1905-05,-0.29
GCAG,1905-05,-0.4342
GISTEMP,1905-06,-0.28
GCAG,1905-06,-0.3448
GISTEMP,1905-07,-0.26
GCAG,1905-07,-0.376
GISTEMP,1905-08,-0.2
GCAG,1905-08,-0.3059
GISTEMP,1905-09,-0.19
GCAG,1905-09,-0.3469
GISTEMP,1905-10,-0.24
GCAG,1905-10,-0.3344
GISTEMP,1905-11,-0.07
GCAG,1905-11,-0.2154
GISTEMP,1905-12,-0.13
GCAG,1905-12,-0.2644
GISTEMP,1906-01,-0.28
GCAG,1906-01,-0.2845
GISTEMP,1906-02,-0.3
GCAG,1906-02,-0.3769
GISTEMP,1906-03,-0.18
GCAG,1906-03,-0.2816
GISTEMP,1906-04,-0.05
GCAG,1906-04,-0.1003
GISTEMP,1906-05,-0.26
GCAG,1906-05,-0.3723
GISTEMP,1906-06,-0.19
GCAG,1906-06,-0.2292
GISTEMP,1906-07,-0.23
GCAG,1906-07,-0.3464
GISTEMP,1906-08,-0.2
GCAG,1906-08,-0.2724
GISTEMP,1906-09,-0.28
GCAG,1906-09,-0.3523
GISTEMP,1906-10,-0.19
GCAG,1906-10,-0.3203
GISTEMP,1906-11,-0.38
GCAG,1906-11,-0.5309
GISTEMP,1906-12,-0.15
GCAG,1906-12,-0.3174
GISTEMP,1907-01,-0.43
GCAG,1907-01,-0.5162
GISTEMP,1907-02,-0.51
GCAG,1907-02,-0.6154
GISTEMP,1907-03,-0.27
GCAG,1907-03,-0.4271
GISTEMP,1907-04,-0.37
GCAG,1907-04,-0.4717
GISTEMP,1907-05,-0.46
GCAG,1907-05,-0.6375
GISTEMP,1907-06,-0.42
GCAG,1907-06,-0.5387
GISTEMP,1907-07,-0.35
GCAG,1907-07,-0.4312
GISTEMP,1907-08,-0.34
GCAG,1907-08,-0.4927
GISTEMP,1907-09,-0.34
GCAG,1907-09,-0.4001
GISTEMP,1907-10,-0.23
GCAG,1907-10,-0.3322
GISTEMP,1907-11,-0.47
GCAG,1907-11,-0.5483
GISTEMP,1907-12,-0.48
GCAG,1907-12,-0.5827
GISTEMP,1908-01,-0.45
GCAG,1908-01,-0.4519
GISTEMP,1908-02,-0.33
GCAG,1908-02,-0.4059
GISTEMP,1908-03,-0.56
GCAG,1908-03,-0.6967
GISTEMP,1908-04,-0.44
GCAG,1908-04,-0.5814
GISTEMP,1908-05,-0.38
GCAG,1908-05,-0.4379
GISTEMP,1908-06,-0.38
GCAG,1908-06,-0.4091
GISTEMP,1908-07,-0.35
GCAG,1908-07,-0.3959
GISTEMP,1908-08,-0.46
GCAG,1908-08,-0.481
GISTEMP,1908-09,-0.35
GCAG,1908-09,-0.3833
GISTEMP,1908-10,-0.44
GCAG,1908-10,-0.5677
GISTEMP,1908-11,-0.52
GCAG,1908-11,-0.6378
GISTEMP,1908-12,-0.49
GCAG,1908-12,-0.6301
GISTEMP,1909-01,-0.73
GCAG,1909-01,-0.7548
GISTEMP,1909-02,-0.46
GCAG,1909-02,-0.533
GISTEMP,1909-03,-0.54
GCAG,1909-03,-0.6513
GISTEMP,1909-04,-0.59
GCAG,1909-04,-0.6305
GISTEMP,1909-05,-0.55
GCAG,1909-05,-0.5889
GISTEMP,1909-06,-0.52
GCAG,1909-06,-0.5069
GISTEMP,1909-07,-0.45
GCAG,1909-07,-0.5279
GISTEMP,1909-08,-0.34
GCAG,1909-08,-0.3285
GISTEMP,1909-09,-0.39
GCAG,1909-09,-0.4074
GISTEMP,1909-10,-0.4
GCAG,1909-10,-0.4896
GISTEMP,1909-11,-0.33
GCAG,1909-11,-0.3843
GISTEMP,1909-12,-0.56
GCAG,1909-12,-0.5918
GISTEMP,1910-01,-0.43
GCAG,1910-01,-0.4175
GISTEMP,1910-02,-0.42
GCAG,1910-02,-0.5049
GISTEMP,1910-03,-0.51
GCAG,1910-03,-0.6018
GISTEMP,1910-04,-0.43
GCAG,1910-04,-0.525
GISTEMP,1910-05,-0.35
GCAG,1910-05,-0.5231
GISTEMP,1910-06,-0.39
GCAG,1910-06,-0.5523
GISTEMP,1910-07,-0.35
GCAG,1910-07,-0.4421
GISTEMP,1910-08,-0.37
GCAG,1910-08,-0.3908
GISTEMP,1910-09,-0.39
GCAG,1910-09,-0.4176
GISTEMP,1910-10,-0.41
GCAG,1910-10,-0.4773
GISTEMP,1910-11,-0.57
GCAG,1910-11,-0.668
GISTEMP,1910-12,-0.68
GCAG,1910-12,-0.7446
GISTEMP,1911-01,-0.62
GCAG,1911-01,-0.6563
GISTEMP,1911-02,-0.58
GCAG,1911-02,-0.7064
GISTEMP,1911-03,-0.61
GCAG,1911-03,-0.7647
GISTEMP,1911-04,-0.54
GCAG,1911-04,-0.6419
GISTEMP,1911-05,-0.52
GCAG,1911-05,-0.6415
GISTEMP,1911-06,-0.51
GCAG,1911-06,-0.5603
GISTEMP,1911-07,-0.43
GCAG,1911-07,-0.497
GISTEMP,1911-08,-0.44
GCAG,1911-08,-0.51
GISTEMP,1911-09,-0.41
GCAG,1911-09,-0.501
GISTEMP,1911-10,-0.27
GCAG,1911-10,-0.3521
GISTEMP,1911-11,-0.22
GCAG,1911-11,-0.3435
GISTEMP,1911-12,-0.23
GCAG,1911-12,-0.3029
GISTEMP,1912-01,-0.27
GCAG,1912-01,-0.3261
GISTEMP,1912-02,-0.16
GCAG,1912-02,-0.3123
GISTEMP,1912-03,-0.39
GCAG,1912-03,-0.5568
GISTEMP,1912-04,-0.19
GCAG,1912-04,-0.3377
GISTEMP,1912-05,-0.22
GCAG,1912-05,-0.3353
GISTEMP,1912-06,-0.25
GCAG,1912-06,-0.2903
GISTEMP,1912-07,-0.43
GCAG,1912-07,-0.5103
GISTEMP,1912-08,-0.55
GCAG,1912-08,-0.5803
GISTEMP,1912-09,-0.57
GCAG,1912-09,-0.6464
GISTEMP,1912-10,-0.58
GCAG,1912-10,-0.685
GISTEMP,1912-11,-0.4
GCAG,1912-11,-0.5564
GISTEMP,1912-12,-0.43
GCAG,1912-12,-0.5769
GISTEMP,1913-01,-0.4
GCAG,1913-01,-0.5463
GISTEMP,1913-02,-0.45
GCAG,1913-02,-0.5396
GISTEMP,1913-03,-0.43
GCAG,1913-03,-0.6011
GISTEMP,1913-04,-0.4
GCAG,1913-04,-0.5226
GISTEMP,1913-05,-0.44
GCAG,1913-05,-0.5475
GISTEMP,1913-06,-0.45
GCAG,1913-06,-0.546
GISTEMP,1913-07,-0.36
GCAG,1913-07,-0.4873
GISTEMP,1913-08,-0.33
GCAG,1913-08,-0.3997
GISTEMP,1913-09,-0.35
GCAG,1913-09,-0.4183
GISTEMP,1913-10,-0.32
GCAG,1913-10,-0.4422
GISTEMP,1913-11,-0.21
GCAG,1913-11,-0.3615
GISTEMP,1913-12,-0.03
GCAG,1913-12,-0.1501
GISTEMP,1914-01,0.05
GCAG,1914-01,-0.0708
GISTEMP,1914-02,-0.09
GCAG,1914-02,-0.2555
GISTEMP,1914-03,-0.24
GCAG,1914-03,-0.3918
GISTEMP,1914-04,-0.29
GCAG,1914-04,-0.4009
GISTEMP,1914-05,-0.21
GCAG,1914-05,-0.3085
GISTEMP,1914-06,-0.25
GCAG,1914-06,-0.3109
GISTEMP,1914-07,-0.23
GCAG,1914-07,-0.2979
GISTEMP,1914-08,-0.16
GCAG,1914-08,-0.2454
GISTEMP,1914-09,-0.16
GCAG,1914-09,-0.3025
GISTEMP,1914-10,-0.03
GCAG,1914-10,-0.11
GISTEMP,1914-11,-0.16
GCAG,1914-11,-0.1815
GISTEMP,1914-12,-0.04
GCAG,1914-12,-0.2378
GISTEMP,1915-01,-0.22
GCAG,1915-01,-0.2835
GISTEMP,1915-02,-0.04
GCAG,1915-02,-0.2134
GISTEMP,1915-03,-0.09
GCAG,1915-03,-0.1953
GISTEMP,1915-04,0.06
GCAG,1915-04,-0.0856
GISTEMP,1915-05,-0.05
GCAG,1915-05,-0.1768
GISTEMP,1915-06,-0.22
GCAG,1915-06,-0.1744
GISTEMP,1915-07,-0.12
GCAG,1915-07,-0.1767
GISTEMP,1915-08,-0.22
GCAG,1915-08,-0.0641
GISTEMP,1915-09,-0.2
GCAG,1915-09,-0.1123
GISTEMP,1915-10,-0.24
GCAG,1915-10,-0.2824
GISTEMP,1915-11,-0.13
GCAG,1915-11,-0.1699
GISTEMP,1915-12,-0.21
GCAG,1915-12,-0.3525
GISTEMP,1916-01,-0.13
GCAG,1916-01,-0.3361
GISTEMP,1916-02,-0.15
GCAG,1916-02,-0.2649
GISTEMP,1916-03,-0.28
GCAG,1916-03,-0.4351
GISTEMP,1916-04,-0.31
GCAG,1916-04,-0.3806
GISTEMP,1916-05,-0.36
GCAG,1916-05,-0.4266
GISTEMP,1916-06,-0.49
GCAG,1916-06,-0.4979
GISTEMP,1916-07,-0.36
GCAG,1916-07,-0.3863
GISTEMP,1916-08,-0.27
GCAG,1916-08,-0.2966
GISTEMP,1916-09,-0.36
GCAG,1916-09,-0.3252
GISTEMP,1916-10,-0.33
GCAG,1916-10,-0.3724
GISTEMP,1916-11,-0.47
GCAG,1916-11,-0.5094
GISTEMP,1916-12,-0.82
GCAG,1916-12,-0.8117
GISTEMP,1917-01,-0.57
GCAG,1917-01,-0.6917
GISTEMP,1917-02,-0.62
GCAG,1917-02,-0.7163
GISTEMP,1917-03,-0.64
GCAG,1917-03,-0.7805
GISTEMP,1917-04,-0.55
GCAG,1917-04,-0.5436
GISTEMP,1917-05,-0.56
GCAG,1917-05,-0.6406
GISTEMP,1917-06,-0.44
GCAG,1917-06,-0.4784
GISTEMP,1917-07,-0.25
GCAG,1917-07,-0.2575
GISTEMP,1917-08,-0.22
GCAG,1917-08,-0.3389
GISTEMP,1917-09,-0.23
GCAG,1917-09,-0.3034
GISTEMP,1917-10,-0.44
GCAG,1917-10,-0.5334
GISTEMP,1917-11,-0.34
GCAG,1917-11,-0.455
GISTEMP,1917-12,-0.68
GCAG,1917-12,-0.7875
GISTEMP,1918-01,-0.48
GCAG,1918-01,-0.5188
GISTEMP,1918-02,-0.35
GCAG,1918-02,-0.6766
GISTEMP,1918-03,-0.26
GCAG,1918-03,-0.5822
GISTEMP,1918-04,-0.44
GCAG,1918-04,-0.6267
GISTEMP,1918-05,-0.44
GCAG,1918-05,-0.5273
GISTEMP,1918-06,-0.36
GCAG,1918-06,-0.3892
GISTEMP,1918-07,-0.32
GCAG,1918-07,-0.3706
GISTEMP,1918-08,-0.32
GCAG,1918-08,-0.4441
GISTEMP,1918-09,-0.17
GCAG,1918-09,-0.2743
GISTEMP,1918-10,-0.06
GCAG,1918-10,-0.1172
GISTEMP,1918-11,-0.11
GCAG,1918-11,-0.1686
GISTEMP,1918-12,-0.29
GCAG,1918-12,-0.4169
GISTEMP,1919-01,-0.2
GCAG,1919-01,-0.2429
GISTEMP,1919-02,-0.23
GCAG,1919-02,-0.2359
GISTEMP,1919-03,-0.21
GCAG,1919-03,-0.3936
GISTEMP,1919-04,-0.13
GCAG,1919-04,-0.2093
GISTEMP,1919-05,-0.28
GCAG,1919-05,-0.3125
GISTEMP,1919-06,-0.36
GCAG,1919-06,-0.3695
GISTEMP,1919-07,-0.29
GCAG,1919-07,-0.3206
GISTEMP,1919-08,-0.33
GCAG,1919-08,-0.2578
GISTEMP,1919-09,-0.25
GCAG,1919-09,-0.2943
GISTEMP,1919-10,-0.2
GCAG,1919-10,-0.2724
GISTEMP,1919-11,-0.42
GCAG,1919-11,-0.561
GISTEMP,1919-12,-0.43
GCAG,1919-12,-0.519
GISTEMP,1920-01,-0.25
GCAG,1920-01,-0.2755
GISTEMP,1920-02,-0.27
GCAG,1920-02,-0.5446
GISTEMP,1920-03,-0.12
GCAG,1920-03,-0.1686
GISTEMP,1920-04,-0.25
GCAG,1920-04,-0.3418
GISTEMP,1920-05,-0.27
GCAG,1920-05,-0.2598
GISTEMP,1920-06,-0.36
GCAG,1920-06,-0.2526
GISTEMP,1920-07,-0.3
GCAG,1920-07,-0.3184
GISTEMP,1920-08,-0.27
GCAG,1920-08,-0.2337
GISTEMP,1920-09,-0.22
GCAG,1920-09,-0.2052
GISTEMP,1920-10,-0.26
GCAG,1920-10,-0.2222
GISTEMP,1920-11,-0.27
GCAG,1920-11,-0.3387
GISTEMP,1920-12,-0.47
GCAG,1920-12,-0.4916
GISTEMP,1921-01,-0.05
GCAG,1921-01,-0.2301
GISTEMP,1921-02,-0.18
GCAG,1921-02,-0.2953
GISTEMP,1921-03,-0.23
GCAG,1921-03,-0.3482
GISTEMP,1921-04,-0.3
GCAG,1921-04,-0.2941
GISTEMP,1921-05,-0.3
GCAG,1921-05,-0.3004
GISTEMP,1921-06,-0.27
GCAG,1921-06,-0.1594
GISTEMP,1921-07,-0.15
GCAG,1921-07,-0.1521
GISTEMP,1921-08,-0.26
GCAG,1921-08,-0.3168
GISTEMP,1921-09,-0.19
GCAG,1921-09,-0.1971
GISTEMP,1921-10,-0.03
GCAG,1921-10,-0.1293
GISTEMP,1921-11,-0.15
GCAG,1921-11,-0.1936
GISTEMP,1921-12,-0.18
GCAG,1921-12,-0.2804
GISTEMP,1922-01,-0.34
GCAG,1922-01,-0.4184
GISTEMP,1922-02,-0.45
GCAG,1922-02,-0.4057
GISTEMP,1922-03,-0.15
GCAG,1922-03,-0.3304
GISTEMP,1922-04,-0.23
GCAG,1922-04,-0.2948
GISTEMP,1922-05,-0.33
GCAG,1922-05,-0.4678
GISTEMP,1922-06,-0.3
GCAG,1922-06,-0.2967
GISTEMP,1922-07,-0.27
GCAG,1922-07,-0.2639
GISTEMP,1922-08,-0.33
GCAG,1922-08,-0.354
GISTEMP,1922-09,-0.35
GCAG,1922-09,-0.3167
GISTEMP,1922-10,-0.31
GCAG,1922-10,-0.3473
GISTEMP,1922-11,-0.14
GCAG,1922-11,-0.2544
GISTEMP,1922-12,-0.19
GCAG,1922-12,-0.3075
GISTEMP,1923-01,-0.27
GCAG,1923-01,-0.4036
GISTEMP,1923-02,-0.39
GCAG,1923-02,-0.4884
GISTEMP,1923-03,-0.34
GCAG,1923-03,-0.4596
GISTEMP,1923-04,-0.41
GCAG,1923-04,-0.4076
GISTEMP,1923-05,-0.34
GCAG,1923-05,-0.4008
GISTEMP,1923-06,-0.29
GCAG,1923-06,-0.26
GISTEMP,1923-07,-0.31
GCAG,1923-07,-0.4143
GISTEMP,1923-08,-0.33
GCAG,1923-08,-0.3212
GISTEMP,1923-09,-0.31
GCAG,1923-09,-0.3336
GISTEMP,1923-10,-0.13
GCAG,1923-10,-0.1685
GISTEMP,1923-11,-0.02
GCAG,1923-11,-0.0251
GISTEMP,1923-12,-0.03
GCAG,1923-12,-0.0919
GISTEMP,1924-01,-0.22
GCAG,1924-01,-0.3281
GISTEMP,1924-02,-0.23
GCAG,1924-02,-0.3097
GISTEMP,1924-03,-0.08
GCAG,1924-03,-0.1775
GISTEMP,1924-04,-0.3
GCAG,1924-04,-0.338
GISTEMP,1924-05,-0.18
GCAG,1924-05,-0.2118
GISTEMP,1924-06,-0.26
GCAG,1924-06,-0.2697
GISTEMP,1924-07,-0.29
GCAG,1924-07,-0.2963
GISTEMP,1924-08,-0.36
GCAG,1924-08,-0.3136
GISTEMP,1924-09,-0.32
GCAG,1924-09,-0.3255
GISTEMP,1924-10,-0.35
GCAG,1924-10,-0.3591
GISTEMP,1924-11,-0.2
GCAG,1924-11,-0.2828
GISTEMP,1924-12,-0.43
GCAG,1924-12,-0.49
GISTEMP,1925-01,-0.38
GCAG,1925-01,-0.4845
GISTEMP,1925-02,-0.39
GCAG,1925-02,-0.4742
GISTEMP,1925-03,-0.27
GCAG,1925-03,-0.374
GISTEMP,1925-04,-0.26
GCAG,1925-04,-0.3008
GISTEMP,1925-05,-0.29
GCAG,1925-05,-0.3074
GISTEMP,1925-06,-0.33
GCAG,1925-06,-0.3401
GISTEMP,1925-07,-0.27
GCAG,1925-07,-0.3373
GISTEMP,1925-08,-0.21
GCAG,1925-08,-0.1661
GISTEMP,1925-09,-0.2
GCAG,1925-09,-0.2543
GISTEMP,1925-10,-0.17
GCAG,1925-10,-0.2828
GISTEMP,1925-11,0.05
GCAG,1925-11,-0.0523
GISTEMP,1925-12,0.06
GCAG,1925-12,0.0186
GISTEMP,1926-01,0.21
GCAG,1926-01,0.0818
GISTEMP,1926-02,0.02
GCAG,1926-02,-0.0368
GISTEMP,1926-03,0.11
GCAG,1926-03,0.0212
GISTEMP,1926-04,-0.13
GCAG,1926-04,-0.16
GISTEMP,1926-05,-0.24
GCAG,1926-05,-0.2666
GISTEMP,1926-06,-0.26
GCAG,1926-06,-0.1807
GISTEMP,1926-07,-0.27
GCAG,1926-07,-0.2092
GISTEMP,1926-08,-0.13
GCAG,1926-08,-0.1015
GISTEMP,1926-09,-0.14
GCAG,1926-09,-0.1179
GISTEMP,1926-10,-0.11
GCAG,1926-10,-0.0691
GISTEMP,1926-11,-0.07
GCAG,1926-11,-0.1098
GISTEMP,1926-12,-0.3
GCAG,1926-12,-0.3168
GISTEMP,1927-01,-0.27
GCAG,1927-01,-0.3099
GISTEMP,1927-02,-0.18
GCAG,1927-02,-0.2064
GISTEMP,1927-03,-0.39
GCAG,1927-03,-0.4084
GISTEMP,1927-04,-0.31
GCAG,1927-04,-0.3155
GISTEMP,1927-05,-0.26
GCAG,1927-05,-0.2315
GISTEMP,1927-06,-0.28
GCAG,1927-06,-0.2498
GISTEMP,1927-07,-0.19
GCAG,1927-07,-0.2109
GISTEMP,1927-08,-0.24
GCAG,1927-08,-0.2071
GISTEMP,1927-09,-0.12
GCAG,1927-09,-0.1089
GISTEMP,1927-10,0.0
GCAG,1927-10,-0.0214
GISTEMP,1927-11,-0.06
GCAG,1927-11,-0.1204
GISTEMP,1927-12,-0.33
GCAG,1927-12,-0.3198
GISTEMP,1928-01,-0.02
GCAG,1928-01,-0.0248
GISTEMP,1928-02,-0.09
GCAG,1928-02,-0.1227
GISTEMP,1928-03,-0.25
GCAG,1928-03,-0.3181
GISTEMP,1928-04,-0.28
GCAG,1928-04,-0.236
GISTEMP,1928-05,-0.3
GCAG,1928-05,-0.3022
GISTEMP,1928-06,-0.39
GCAG,1928-06,-0.3324
GISTEMP,1928-07,-0.19
GCAG,1928-07,-0.1904
GISTEMP,1928-08,-0.22
GCAG,1928-08,-0.1774
GISTEMP,1928-09,-0.21
GCAG,1928-09,-0.2067
GISTEMP,1928-10,-0.19
GCAG,1928-10,-0.1866
GISTEMP,1928-11,-0.09
GCAG,1928-11,-0.1723
GISTEMP,1928-12,-0.16
GCAG,1928-12,-0.2315
GISTEMP,1929-01,-0.45
GCAG,1929-01,-0.4341
GISTEMP,1929-02,-0.58
GCAG,1929-02,-0.6011
GISTEMP,1929-03,-0.33
GCAG,1929-03,-0.4851
GISTEMP,1929-04,-0.41
GCAG,1929-04,-0.4408
GISTEMP,1929-05,-0.38
GCAG,1929-05,-0.4348
GISTEMP,1929-06,-0.43
GCAG,1929-06,-0.4039
GISTEMP,1929-07,-0.37
GCAG,1929-07,-0.4356
GISTEMP,1929-08,-0.32
GCAG,1929-08,-0.2621
GISTEMP,1929-09,-0.25
GCAG,1929-09,-0.2734
GISTEMP,1929-10,-0.14
GCAG,1929-10,-0.2142
GISTEMP,1929-11,-0.12
GCAG,1929-11,-0.1371
GISTEMP,1929-12,-0.54
GCAG,1929-12,-0.5616
GISTEMP,1930-01,-0.3
GCAG,1930-01,-0.3582
GISTEMP,1930-02,-0.27
GCAG,1930-02,-0.338
GISTEMP,1930-03,-0.11
GCAG,1930-03,-0.2442
GISTEMP,1930-04,-0.25
GCAG,1930-04,-0.2242
GISTEMP,1930-05,-0.24
GCAG,1930-05,-0.2469
GISTEMP,1930-06,-0.22
GCAG,1930-06,-0.1968
GISTEMP,1930-07,-0.21
GCAG,1930-07,-0.1798
GISTEMP,1930-08,-0.15
GCAG,1930-08,-0.0902
GISTEMP,1930-09,-0.15
GCAG,1930-09,-0.0928
GISTEMP,1930-10,-0.11
GCAG,1930-10,-0.0811
GISTEMP,1930-11,0.17
GCAG,1930-11,0.069
GISTEMP,1930-12,-0.06
GCAG,1930-12,-0.0553
GISTEMP,1931-01,-0.1
GCAG,1931-01,-0.1273
GISTEMP,1931-02,-0.21
GCAG,1931-02,-0.2538
GISTEMP,1931-03,-0.11
GCAG,1931-03,-0.114
GISTEMP,1931-04,-0.23
GCAG,1931-04,-0.1813
GISTEMP,1931-05,-0.2
GCAG,1931-05,-0.2014
GISTEMP,1931-06,-0.08
GCAG,1931-06,-0.0233
GISTEMP,1931-07,-0.03
GCAG,1931-07,-0.0103
GISTEMP,1931-08,-0.03
GCAG,1931-08,-0.0356
GISTEMP,1931-09,-0.06
GCAG,1931-09,-0.0501
GISTEMP,1931-10,0.06
GCAG,1931-10,-0.0225
GISTEMP,1931-11,-0.06
GCAG,1931-11,-0.1493
GISTEMP,1931-12,-0.06
GCAG,1931-12,-0.101
GISTEMP,1932-01,0.15
GCAG,1932-01,0.0702
GISTEMP,1932-02,-0.17
GCAG,1932-02,-0.1882
GISTEMP,1932-03,-0.18
GCAG,1932-03,-0.2011
GISTEMP,1932-04,-0.06
GCAG,1932-04,-0.0769
GISTEMP,1932-05,-0.18
GCAG,1932-05,-0.1672
GISTEMP,1932-06,-0.29
GCAG,1932-06,-0.2564
GISTEMP,1932-07,-0.25
GCAG,1932-07,-0.1337
GISTEMP,1932-08,-0.22
GCAG,1932-08,-0.1876
GISTEMP,1932-09,-0.1
GCAG,1932-09,-0.0026
GISTEMP,1932-10,-0.09
GCAG,1932-10,-0.0941
GISTEMP,1932-11,-0.28
GCAG,1932-11,-0.2959
GISTEMP,1932-12,-0.27
GCAG,1932-12,-0.2664
GISTEMP,1933-01,-0.23
GCAG,1933-01,-0.3241
GISTEMP,1933-02,-0.3
GCAG,1933-02,-0.3488
GISTEMP,1933-03,-0.3
GCAG,1933-03,-0.4006
GISTEMP,1933-04,-0.25
GCAG,1933-04,-0.3026
GISTEMP,1933-05,-0.29
GCAG,1933-05,-0.2909
GISTEMP,1933-06,-0.34
GCAG,1933-06,-0.327
GISTEMP,1933-07,-0.21
GCAG,1933-07,-0.294
GISTEMP,1933-08,-0.23
GCAG,1933-08,-0.154
GISTEMP,1933-09,-0.29
GCAG,1933-09,-0.3282
GISTEMP,1933-10,-0.25
GCAG,1933-10,-0.2487
GISTEMP,1933-11,-0.31
GCAG,1933-11,-0.4061
GISTEMP,1933-12,-0.45
GCAG,1933-12,-0.5148
GISTEMP,1934-01,-0.21
GCAG,1934-01,-0.3303
GISTEMP,1934-02,-0.03
GCAG,1934-02,-0.1481
GISTEMP,1934-03,-0.29
GCAG,1934-03,-0.4294
GISTEMP,1934-04,-0.31
GCAG,1934-04,-0.3849
GISTEMP,1934-05,-0.1
GCAG,1934-05,-0.1496
GISTEMP,1934-06,-0.15
GCAG,1934-06,-0.0905
GISTEMP,1934-07,-0.11
GCAG,1934-07,-0.18
GISTEMP,1934-08,-0.12
GCAG,1934-08,-0.1165
GISTEMP,1934-09,-0.15
GCAG,1934-09,-0.1392
GISTEMP,1934-10,-0.06
GCAG,1934-10,-0.0832
GISTEMP,1934-11,0.03
GCAG,1934-11,0.0356
GISTEMP,1934-12,-0.03
GCAG,1934-12,-0.1086
GISTEMP,1935-01,-0.34
GCAG,1935-01,-0.3574
GISTEMP,1935-02,0.14
GCAG,1935-02,0.0407
GISTEMP,1935-03,-0.14
GCAG,1935-03,-0.2329
GISTEMP,1935-04,-0.37
GCAG,1935-04,-0.3315
GISTEMP,1935-05,-0.29
GCAG,1935-05,-0.3295
GISTEMP,1935-06,-0.27
GCAG,1935-06,-0.2178
GISTEMP,1935-07,-0.22
GCAG,1935-07,-0.1501
GISTEMP,1935-08,-0.22
GCAG,1935-08,-0.1496
GISTEMP,1935-09,-0.21
GCAG,1935-09,-0.1936
GISTEMP,1935-10,-0.06
GCAG,1935-10,-0.0537
GISTEMP,1935-11,-0.26
GCAG,1935-11,-0.3264
GISTEMP,1935-12,-0.17
GCAG,1935-12,-0.2525
GISTEMP,1936-01,-0.28
GCAG,1936-01,-0.3934
GISTEMP,1936-02,-0.38
GCAG,1936-02,-0.3393
GISTEMP,1936-03,-0.21
GCAG,1936-03,-0.3344
GISTEMP,1936-04,-0.2
GCAG,1936-04,-0.1963
GISTEMP,1936-05,-0.16
GCAG,1936-05,-0.1785
GISTEMP,1936-06,-0.22
GCAG,1936-06,-0.1498
GISTEMP,1936-07,-0.1
GCAG,1936-07,-0.0791
GISTEMP,1936-08,-0.14
GCAG,1936-08,-0.0707
GISTEMP,1936-09,-0.09
GCAG,1936-09,-0.1088
GISTEMP,1936-10,-0.03
GCAG,1936-10,-0.0399
GISTEMP,1936-11,0.01
GCAG,1936-11,-0.0632
GISTEMP,1936-12,-0.01
GCAG,1936-12,-0.0983
GISTEMP,1937-01,-0.08
GCAG,1937-01,-0.1245
GISTEMP,1937-02,0.03
GCAG,1937-02,0.0721
GISTEMP,1937-03,-0.21
GCAG,1937-03,-0.2616
GISTEMP,1937-04,-0.16
GCAG,1937-04,-0.1182
GISTEMP,1937-05,-0.06
GCAG,1937-05,-0.0896
GISTEMP,1937-06,-0.05
GCAG,1937-06,-0.0065
GISTEMP,1937-07,-0.04
GCAG,1937-07,0.0245
GISTEMP,1937-08,0.01
GCAG,1937-08,0.041
GISTEMP,1937-09,0.09
GCAG,1937-09,0.1475
GISTEMP,1937-10,0.08
GCAG,1937-10,0.1312
GISTEMP,1937-11,0.07
GCAG,1937-11,0.0656
GISTEMP,1937-12,-0.08
GCAG,1937-12,-0.0741
GISTEMP,1938-01,0.08
GCAG,1938-01,0.045
GISTEMP,1938-02,0.03
GCAG,1938-02,-0.0142
GISTEMP,1938-03,0.1
GCAG,1938-03,-0.0253
GISTEMP,1938-04,0.06
GCAG,1938-04,0.0337
GISTEMP,1938-05,-0.1
GCAG,1938-05,-0.1035
GISTEMP,1938-06,-0.17
GCAG,1938-06,-0.092
GISTEMP,1938-07,-0.09
GCAG,1938-07,-0.0445
GISTEMP,1938-08,-0.06
GCAG,1938-08,0.0017
GISTEMP,1938-09,0.01
GCAG,1938-09,0.0246
GISTEMP,1938-10,0.14
GCAG,1938-10,0.1658
GISTEMP,1938-11,0.07
GCAG,1938-11,0.0524
GISTEMP,1938-12,-0.12
GCAG,1938-12,-0.1983
GISTEMP,1939-01,-0.05
GCAG,1939-01,-0.1147
GISTEMP,1939-02,-0.07
GCAG,1939-02,-0.1207
GISTEMP,1939-03,-0.18
GCAG,1939-03,-0.2948
GISTEMP,1939-04,-0.1
GCAG,1939-04,-0.1165
GISTEMP,1939-05,-0.04
GCAG,1939-05,-0.0399
GISTEMP,1939-06,-0.07
GCAG,1939-06,0.0155
GISTEMP,1939-07,-0.06
GCAG,1939-07,-0.0361
GISTEMP,1939-08,-0.06
GCAG,1939-08,-0.0362
GISTEMP,1939-09,-0.07
GCAG,1939-09,-0.0153
GISTEMP,1939-10,-0.04
GCAG,1939-10,-0.1009
GISTEMP,1939-11,0.07
GCAG,1939-11,0.0207
GISTEMP,1939-12,0.42
GCAG,1939-12,0.3372
GISTEMP,1940-01,-0.01
GCAG,1940-01,-0.0468
GISTEMP,1940-02,0.08
GCAG,1940-02,0.0802
GISTEMP,1940-03,0.09
GCAG,1940-03,-0.043
GISTEMP,1940-04,0.17
GCAG,1940-04,0.1428
GISTEMP,1940-05,0.1
GCAG,1940-05,0.0354
GISTEMP,1940-06,0.11
GCAG,1940-06,0.0434
GISTEMP,1940-07,0.12
GCAG,1940-07,0.1479
GISTEMP,1940-08,0.06
GCAG,1940-08,0.1017
GISTEMP,1940-09,0.15
GCAG,1940-09,0.1286
GISTEMP,1940-10,0.11
GCAG,1940-10,0.0977
GISTEMP,1940-11,0.16
GCAG,1940-11,-0.0021
GISTEMP,1940-12,0.31
GCAG,1940-12,0.2
GISTEMP,1941-01,0.17
GCAG,1941-01,-0.0436
GISTEMP,1941-02,0.3
GCAG,1941-02,0.1119
GISTEMP,1941-03,0.1
GCAG,1941-03,-0.1231
GISTEMP,1941-04,0.16
GCAG,1941-04,0.033
GISTEMP,1941-05,0.16
GCAG,1941-05,0.058
GISTEMP,1941-06,0.12
GCAG,1941-06,0.0549
GISTEMP,1941-07,0.22
GCAG,1941-07,0.1563
GISTEMP,1941-08,0.14
GCAG,1941-08,0.036
GISTEMP,1941-09,0.02
GCAG,1941-09,-0.1468
GISTEMP,1941-10,0.35
GCAG,1941-10,0.2104
GISTEMP,1941-11,0.22
GCAG,1941-11,-0.0126
GISTEMP,1941-12,0.21
GCAG,1941-12,0.0776
GISTEMP,1942-01,0.29
GCAG,1942-01,0.2497
GISTEMP,1942-02,0.02
GCAG,1942-02,0.0155
GISTEMP,1942-03,0.05
GCAG,1942-03,-0.0453
GISTEMP,1942-04,0.09
GCAG,1942-04,-0.009
GISTEMP,1942-05,0.11
GCAG,1942-05,0.1224
GISTEMP,1942-06,0.04
GCAG,1942-06,0.0273
GISTEMP,1942-07,0.0
GCAG,1942-07,-0.0625
GISTEMP,1942-08,-0.04
GCAG,1942-08,-0.0611
GISTEMP,1942-09,-0.03
GCAG,1942-09,-0.0143
GISTEMP,1942-10,0.01
GCAG,1942-10,-0.0926
GISTEMP,1942-11,0.09
GCAG,1942-11,-0.0558
GISTEMP,1942-12,0.12
GCAG,1942-12,-0.0805
GISTEMP,1943-01,-0.01
GCAG,1943-01,-0.191
GISTEMP,1943-02,0.17
GCAG,1943-02,-0.027
GISTEMP,1943-03,-0.04
GCAG,1943-03,-0.1638
GISTEMP,1943-04,0.11
GCAG,1943-04,0.0224
GISTEMP,1943-05,0.06
GCAG,1943-05,0.0329
GISTEMP,1943-06,-0.05
GCAG,1943-06,-0.078
GISTEMP,1943-07,0.08
GCAG,1943-07,0.0208
GISTEMP,1943-08,0.0
GCAG,1943-08,0.0309
GISTEMP,1943-09,0.05
GCAG,1943-09,-0.0146
GISTEMP,1943-10,0.23
GCAG,1943-10,0.2303
GISTEMP,1943-11,0.19
GCAG,1943-11,0.1036
GISTEMP,1943-12,0.23
GCAG,1943-12,0.1098
GISTEMP,1944-01,0.36
GCAG,1944-01,0.3245
GISTEMP,1944-02,0.24
GCAG,1944-02,0.1244
GISTEMP,1944-03,0.26
GCAG,1944-03,0.1158
GISTEMP,1944-04,0.19
GCAG,1944-04,0.044
GISTEMP,1944-05,0.18
GCAG,1944-05,0.1184
GISTEMP,1944-06,0.15
GCAG,1944-06,0.1056
GISTEMP,1944-07,0.17
GCAG,1944-07,0.148
GISTEMP,1944-08,0.18
GCAG,1944-08,0.2068
GISTEMP,1944-09,0.28
GCAG,1944-09,0.1647
GISTEMP,1944-10,0.27
GCAG,1944-10,0.2101
GISTEMP,1944-11,0.11
GCAG,1944-11,0.0901
GISTEMP,1944-12,0.04
GCAG,1944-12,0.0831
GISTEMP,1945-01,0.1
GCAG,1945-01,0.093
GISTEMP,1945-02,0.01
GCAG,1945-02,0.0452
GISTEMP,1945-03,0.06
GCAG,1945-03,0.0349
GISTEMP,1945-04,0.19
GCAG,1945-04,0.2092
GISTEMP,1945-05,0.06
GCAG,1945-05,-0.0613
GISTEMP,1945-06,0.01
GCAG,1945-06,-0.0401
GISTEMP,1945-07,0.04
GCAG,1945-07,0.0026
GISTEMP,1945-08,0.26
GCAG,1945-08,0.2379
GISTEMP,1945-09,0.2
GCAG,1945-09,0.1041
GISTEMP,1945-10,0.18
GCAG,1945-10,0.0934
GISTEMP,1945-11,0.07
GCAG,1945-11,-0.0029
GISTEMP,1945-12,-0.07
GCAG,1945-12,-0.2013
GISTEMP,1946-01,0.15
GCAG,1946-01,0.0406
GISTEMP,1946-02,0.02
GCAG,1946-02,-0.1237
GISTEMP,1946-03,0.01
GCAG,1946-03,-0.1308
GISTEMP,1946-04,0.05
GCAG,1946-04,-0.0054
GISTEMP,1946-05,-0.07
GCAG,1946-05,-0.0837
GISTEMP,1946-06,-0.22
GCAG,1946-06,-0.2698
GISTEMP,1946-07,-0.12
GCAG,1946-07,-0.1126
GISTEMP,1946-08,-0.2
GCAG,1946-08,-0.1574
GISTEMP,1946-09,-0.08
GCAG,1946-09,-0.0978
GISTEMP,1946-10,-0.08
GCAG,1946-10,-0.0711
GISTEMP,1946-11,-0.06
GCAG,1946-11,-0.1144
GISTEMP,1946-12,-0.31
GCAG,1946-12,-0.3468
GISTEMP,1947-01,-0.07
GCAG,1947-01,-0.1567
GISTEMP,1947-02,-0.08
GCAG,1947-02,-0.1459
GISTEMP,1947-03,0.06
GCAG,1947-03,-0.0797
GISTEMP,1947-04,0.06
GCAG,1947-04,-0.0621
GISTEMP,1947-05,-0.02
GCAG,1947-05,-0.0768
GISTEMP,1947-06,-0.02
GCAG,1947-06,-0.0936
GISTEMP,1947-07,-0.04
GCAG,1947-07,-0.071
GISTEMP,1947-08,-0.07
GCAG,1947-08,-0.119
GISTEMP,1947-09,-0.12
GCAG,1947-09,-0.167
GISTEMP,1947-10,0.07
GCAG,1947-10,0.0318
GISTEMP,1947-11,0.02
GCAG,1947-11,0.0243
GISTEMP,1947-12,-0.13
GCAG,1947-12,-0.2362
GISTEMP,1948-01,0.06
GCAG,1948-01,-0.0227
GISTEMP,1948-02,-0.15
GCAG,1948-02,-0.2402
GISTEMP,1948-03,-0.24
GCAG,1948-03,-0.2909
GISTEMP,1948-04,-0.12
GCAG,1948-04,-0.1197
GISTEMP,1948-05,-0.01
GCAG,1948-05,0.0516
GISTEMP,1948-06,-0.05
GCAG,1948-06,-0.0143
GISTEMP,1948-07,-0.11
GCAG,1948-07,-0.135
GISTEMP,1948-08,-0.11
GCAG,1948-08,-0.0493
GISTEMP,1948-09,-0.14
GCAG,1948-09,-0.1398
GISTEMP,1948-10,-0.05
GCAG,1948-10,-0.0609
GISTEMP,1948-11,-0.13
GCAG,1948-11,-0.1787
GISTEMP,1948-12,-0.24
GCAG,1948-12,-0.3503
GISTEMP,1949-01,0.06
GCAG,1949-01,-0.0285
GISTEMP,1949-02,-0.14
GCAG,1949-02,-0.2479
GISTEMP,1949-03,-0.02
GCAG,1949-03,-0.1205
GISTEMP,1949-04,-0.11
GCAG,1949-04,-0.1566
GISTEMP,1949-05,-0.1
GCAG,1949-05,-0.1187
GISTEMP,1949-06,-0.27
GCAG,1949-06,-0.2428
GISTEMP,1949-07,-0.13
GCAG,1949-07,-0.1906
GISTEMP,1949-08,-0.13
GCAG,1949-08,-0.0861
GISTEMP,1949-09,-0.14
GCAG,1949-09,-0.1369
GISTEMP,1949-10,-0.07
GCAG,1949-10,-0.1005
GISTEMP,1949-11,-0.1
GCAG,1949-11,-0.1944
GISTEMP,1949-12,-0.18
GCAG,1949-12,-0.2229
GISTEMP,1950-01,-0.26
GCAG,1950-01,-0.3121
GISTEMP,1950-02,-0.27
GCAG,1950-02,-0.3817
GISTEMP,1950-03,-0.08
GCAG,1950-03,-0.2301
GISTEMP,1950-04,-0.21
GCAG,1950-04,-0.2536
GISTEMP,1950-05,-0.11
GCAG,1950-05,-0.156
GISTEMP,1950-06,-0.05
GCAG,1950-06,-0.1163
GISTEMP,1950-07,-0.09
GCAG,1950-07,-0.1214
GISTEMP,1950-08,-0.16
GCAG,1950-08,-0.1675
GISTEMP,1950-09,-0.11
GCAG,1950-09,-0.2576
GISTEMP,1950-10,-0.2
GCAG,1950-10,-0.2143
GISTEMP,1950-11,-0.34
GCAG,1950-11,-0.3954
GISTEMP,1950-12,-0.22
GCAG,1950-12,-0.2699
GISTEMP,1951-01,-0.34
GCAG,1951-01,-0.373
GISTEMP,1951-02,-0.42
GCAG,1951-02,-0.5211
GISTEMP,1951-03,-0.2
GCAG,1951-03,-0.2758
GISTEMP,1951-04,-0.14
GCAG,1951-04,-0.1205
GISTEMP,1951-05,0.0
GCAG,1951-05,0.0196
GISTEMP,1951-06,-0.06
GCAG,1951-06,0.0497
GISTEMP,1951-07,-0.01
GCAG,1951-07,0.0268
GISTEMP,1951-08,0.06
GCAG,1951-08,0.1107
GISTEMP,1951-09,0.05
GCAG,1951-09,0.1212
GISTEMP,1951-10,0.08
GCAG,1951-10,0.1161
GISTEMP,1951-11,-0.01
GCAG,1951-11,-0.0822
GISTEMP,1951-12,0.16
GCAG,1951-12,0.0661
GISTEMP,1952-01,0.11
GCAG,1952-01,0.0889
GISTEMP,1952-02,0.11
GCAG,1952-02,0.062
GISTEMP,1952-03,-0.08
GCAG,1952-03,-0.1676
GISTEMP,1952-04,0.03
GCAG,1952-04,0.0386
GISTEMP,1952-05,-0.03
GCAG,1952-05,0.0168
GISTEMP,1952-06,-0.03
GCAG,1952-06,0.0153
GISTEMP,1952-07,0.04
GCAG,1952-07,0.0841
GISTEMP,1952-08,0.05
GCAG,1952-08,0.0941
GISTEMP,1952-09,0.07
GCAG,1952-09,0.0903
GISTEMP,1952-10,0.0
GCAG,1952-10,-0.0217
GISTEMP,1952-11,-0.13
GCAG,1952-11,-0.1298
GISTEMP,1952-12,-0.02
GCAG,1952-12,-0.0413
GISTEMP,1953-01,0.07
GCAG,1953-01,-0.0095
GISTEMP,1953-02,0.15
GCAG,1953-02,0.0927
GISTEMP,1953-03,0.11
GCAG,1953-03,0.0101
GISTEMP,1953-04,0.19
GCAG,1953-04,0.2246
GISTEMP,1953-05,0.11
GCAG,1953-05,0.1486
GISTEMP,1953-06,0.12
GCAG,1953-06,0.1406
GISTEMP,1953-07,0.01
GCAG,1953-07,0.0429
GISTEMP,1953-08,0.05
GCAG,1953-08,0.0878
GISTEMP,1953-09,0.04
GCAG,1953-09,0.0871
GISTEMP,1953-10,0.08
GCAG,1953-10,0.0842
GISTEMP,1953-11,-0.03
GCAG,1953-11,-0.0065
GISTEMP,1953-12,0.05
GCAG,1953-12,0.0212
GISTEMP,1954-01,-0.24
GCAG,1954-01,-0.2438
GISTEMP,1954-02,-0.1
GCAG,1954-02,-0.0905
GISTEMP,1954-03,-0.15
GCAG,1954-03,-0.1827
GISTEMP,1954-04,-0.14
GCAG,1954-04,-0.1163
GISTEMP,1954-05,-0.2
GCAG,1954-05,-0.171
GISTEMP,1954-06,-0.18
GCAG,1954-06,-0.1318
GISTEMP,1954-07,-0.19
GCAG,1954-07,-0.1975
GISTEMP,1954-08,-0.17
GCAG,1954-08,-0.1017
GISTEMP,1954-09,-0.1
GCAG,1954-09,-0.1146
GISTEMP,1954-10,-0.02
GCAG,1954-10,-0.0125
GISTEMP,1954-11,0.08
GCAG,1954-11,0.117
GISTEMP,1954-12,-0.18
GCAG,1954-12,-0.165
GISTEMP,1955-01,0.13
GCAG,1955-01,0.1074
GISTEMP,1955-02,-0.16
GCAG,1955-02,-0.1931
GISTEMP,1955-03,-0.32
GCAG,1955-03,-0.3986
GISTEMP,1955-04,-0.22
GCAG,1955-04,-0.2308
GISTEMP,1955-05,-0.2
GCAG,1955-05,-0.2381
GISTEMP,1955-06,-0.13
GCAG,1955-06,-0.1791
GISTEMP,1955-07,-0.11
GCAG,1955-07,-0.2096
GISTEMP,1955-08,0.02
GCAG,1955-08,-0.0896
GISTEMP,1955-09,-0.11
GCAG,1955-09,-0.1439
GISTEMP,1955-10,-0.05
GCAG,1955-10,-0.1159
GISTEMP,1955-11,-0.25
GCAG,1955-11,-0.3252
GISTEMP,1955-12,-0.28
GCAG,1955-12,-0.3677
GISTEMP,1956-01,-0.13
GCAG,1956-01,-0.2387
GISTEMP,1956-02,-0.24
GCAG,1956-02,-0.2878
GISTEMP,1956-03,-0.21
GCAG,1956-03,-0.3621
GISTEMP,1956-04,-0.28
GCAG,1956-04,-0.3088
GISTEMP,1956-05,-0.29
GCAG,1956-05,-0.3358
GISTEMP,1956-06,-0.15
GCAG,1956-06,-0.2291
GISTEMP,1956-07,-0.09
GCAG,1956-07,-0.2101
GISTEMP,1956-08,-0.26
GCAG,1956-08,-0.2909
GISTEMP,1956-09,-0.19
GCAG,1956-09,-0.2742
GISTEMP,1956-10,-0.23
GCAG,1956-10,-0.2644
GISTEMP,1956-11,-0.15
GCAG,1956-11,-0.2197
GISTEMP,1956-12,-0.07
GCAG,1956-12,-0.158
GISTEMP,1957-01,-0.09
GCAG,1957-01,-0.2187
GISTEMP,1957-02,-0.03
GCAG,1957-02,-0.1591
GISTEMP,1957-03,-0.05
GCAG,1957-03,-0.1985
GISTEMP,1957-04,0.0
GCAG,1957-04,-0.0405
GISTEMP,1957-05,0.09
GCAG,1957-05,0.0336
GISTEMP,1957-06,0.15
GCAG,1957-06,0.065
GISTEMP,1957-07,0.02
GCAG,1957-07,-0.0617
GISTEMP,1957-08,0.15
GCAG,1957-08,0.0724
GISTEMP,1957-09,0.09
GCAG,1957-09,0.0406
GISTEMP,1957-10,0.01
GCAG,1957-10,-0.0002
GISTEMP,1957-11,0.08
GCAG,1957-11,-0.0043
GISTEMP,1957-12,0.15
GCAG,1957-12,0.0524
GISTEMP,1958-01,0.39
GCAG,1958-01,0.2579
GISTEMP,1958-02,0.22
GCAG,1958-02,0.0913
GISTEMP,1958-03,0.08
GCAG,1958-03,0.0061
GISTEMP,1958-04,0.02
GCAG,1958-04,-0.068
GISTEMP,1958-05,0.06
GCAG,1958-05,0.0165
GISTEMP,1958-06,-0.09
GCAG,1958-06,-0.1536
GISTEMP,1958-07,0.05
GCAG,1958-07,-0.0184
GISTEMP,1958-08,-0.05
GCAG,1958-08,-0.0817
GISTEMP,1958-09,-0.03
GCAG,1958-09,-0.1117
GISTEMP,1958-10,0.04
GCAG,1958-10,-0.0168
GISTEMP,1958-11,0.02
GCAG,1958-11,-0.0373
GISTEMP,1958-12,0.01
GCAG,1958-12,-0.0819
GISTEMP,1959-01,0.08
GCAG,1959-01,0.0153
GISTEMP,1959-02,0.07
GCAG,1959-02,-0.0074
GISTEMP,1959-03,0.18
GCAG,1959-03,0.0181
GISTEMP,1959-04,0.16
GCAG,1959-04,0.0286
GISTEMP,1959-05,0.04
GCAG,1959-05,-0.0388
GISTEMP,1959-06,0.03
GCAG,1959-06,-0.0009
GISTEMP,1959-07,0.03
GCAG,1959-07,-0.04
GISTEMP,1959-08,-0.01
GCAG,1959-08,-0.0384
GISTEMP,1959-09,-0.06
GCAG,1959-09,-0.1399
GISTEMP,1959-10,-0.07
GCAG,1959-10,-0.0704
GISTEMP,1959-11,-0.08
GCAG,1959-11,-0.183
GISTEMP,1959-12,0.0
GCAG,1959-12,-0.1016
GISTEMP,1960-01,0.0
GCAG,1960-01,-0.1128
GISTEMP,1960-02,0.13
GCAG,1960-02,0.0239
GISTEMP,1960-03,-0.35
GCAG,1960-03,-0.444
GISTEMP,1960-04,-0.15
GCAG,1960-04,-0.2611
GISTEMP,1960-05,-0.08
GCAG,1960-05,-0.1765
GISTEMP,1960-06,-0.04
GCAG,1960-06,-0.1237
GISTEMP,1960-07,-0.04
GCAG,1960-07,-0.1108
GISTEMP,1960-08,0.02
GCAG,1960-08,-0.0014
GISTEMP,1960-09,0.07
GCAG,1960-09,0.0048
GISTEMP,1960-10,0.06
GCAG,1960-10,-0.029
GISTEMP,1960-11,-0.11
GCAG,1960-11,-0.2135
GISTEMP,1960-12,0.19
GCAG,1960-12,0.0836
GISTEMP,1961-01,0.07
GCAG,1961-01,-0.0464
GISTEMP,1961-02,0.19
GCAG,1961-02,0.0967
GISTEMP,1961-03,0.09
GCAG,1961-03,-0.0552
GISTEMP,1961-04,0.13
GCAG,1961-04,0.0664
GISTEMP,1961-05,0.12
GCAG,1961-05,0.0737
GISTEMP,1961-06,0.12
GCAG,1961-06,0.092
GISTEMP,1961-07,0.01
GCAG,1961-07,-0.0326
GISTEMP,1961-08,0.01
GCAG,1961-08,-0.0084
GISTEMP,1961-09,0.08
GCAG,1961-09,-0.025
GISTEMP,1961-10,0.0
GCAG,1961-10,-0.0599
GISTEMP,1961-11,0.03
GCAG,1961-11,-0.0265
GISTEMP,1961-12,-0.16
GCAG,1961-12,-0.2476
GISTEMP,1962-01,0.05
GCAG,1962-01,-0.0515
GISTEMP,1962-02,0.15
GCAG,1962-02,0.0194
GISTEMP,1962-03,0.1
GCAG,1962-03,0.0244
GISTEMP,1962-04,0.05
GCAG,1962-04,-0.0171
GISTEMP,1962-05,-0.06
GCAG,1962-05,-0.1746
GISTEMP,1962-06,0.03
GCAG,1962-06,-0.0512
GISTEMP,1962-07,0.02
GCAG,1962-07,-0.1058
GISTEMP,1962-08,-0.01
GCAG,1962-08,-0.1062
GISTEMP,1962-09,0.0
GCAG,1962-09,-0.0698
GISTEMP,1962-10,0.01
GCAG,1962-10,-0.0357
GISTEMP,1962-11,0.06
GCAG,1962-11,-0.0157
GISTEMP,1962-12,-0.03
GCAG,1962-12,-0.1223
GISTEMP,1963-01,-0.03
GCAG,1963-01,-0.1138
GISTEMP,1963-02,0.18
GCAG,1963-02,0.0445
GISTEMP,1963-03,-0.14
GCAG,1963-03,-0.3368
GISTEMP,1963-04,-0.07
GCAG,1963-04,-0.1746
GISTEMP,1963-05,-0.06
GCAG,1963-05,-0.1422
GISTEMP,1963-06,0.05
GCAG,1963-06,-0.0625
GISTEMP,1963-07,0.06
GCAG,1963-07,0.0654
GISTEMP,1963-08,0.22
GCAG,1963-08,0.1517
GISTEMP,1963-09,0.17
GCAG,1963-09,0.1274
GISTEMP,1963-10,0.14
GCAG,1963-10,0.0697
GISTEMP,1963-11,0.15
GCAG,1963-11,0.051
GISTEMP,1963-12,-0.03
GCAG,1963-12,-0.0566
GISTEMP,1964-01,-0.09
GCAG,1964-01,-0.1866
GISTEMP,1964-02,-0.1
GCAG,1964-02,-0.2197
GISTEMP,1964-03,-0.21
GCAG,1964-03,-0.3794
GISTEMP,1964-04,-0.32
GCAG,1964-04,-0.4378
GISTEMP,1964-05,-0.25
GCAG,1964-05,-0.37
GISTEMP,1964-06,-0.04
GCAG,1964-06,-0.1658
GISTEMP,1964-07,-0.04
GCAG,1964-07,-0.1972
GISTEMP,1964-08,-0.22
GCAG,1964-08,-0.2961
GISTEMP,1964-09,-0.29
GCAG,1964-09,-0.4002
GISTEMP,1964-10,-0.31
GCAG,1964-10,-0.3088
GISTEMP,1964-11,-0.21
GCAG,1964-11,-0.2947
GISTEMP,1964-12,-0.3
GCAG,1964-12,-0.3692
GISTEMP,1965-01,-0.08
GCAG,1965-01,-0.1592
GISTEMP,1965-02,-0.17
GCAG,1965-02,-0.2624
GISTEMP,1965-03,-0.13
GCAG,1965-03,-0.2567
GISTEMP,1965-04,-0.19
GCAG,1965-04,-0.2979
GISTEMP,1965-05,-0.12
GCAG,1965-05,-0.188
GISTEMP,1965-06,-0.08
GCAG,1965-06,-0.2048
GISTEMP,1965-07,-0.13
GCAG,1965-07,-0.2649
GISTEMP,1965-08,-0.04
GCAG,1965-08,-0.1591
GISTEMP,1965-09,-0.15
GCAG,1965-09,-0.2443
GISTEMP,1965-10,-0.05
GCAG,1965-10,-0.1037
GISTEMP,1965-11,-0.06
GCAG,1965-11,-0.1427
GISTEMP,1965-12,-0.08
GCAG,1965-12,-0.1438
GISTEMP,1966-01,-0.19
GCAG,1966-01,-0.2809
GISTEMP,1966-02,-0.04
GCAG,1966-02,-0.1621
GISTEMP,1966-03,0.04
GCAG,1966-03,-0.1698
GISTEMP,1966-04,-0.13
GCAG,1966-04,-0.169
GISTEMP,1966-05,-0.12
GCAG,1966-05,-0.2147
GISTEMP,1966-06,0.01
GCAG,1966-06,-0.1013
GISTEMP,1966-07,0.08
GCAG,1966-07,0.0055
GISTEMP,1966-08,-0.09
GCAG,1966-08,-0.0965
GISTEMP,1966-09,-0.03
GCAG,1966-09,-0.0823
GISTEMP,1966-10,-0.17
GCAG,1966-10,-0.2314
GISTEMP,1966-11,-0.01
GCAG,1966-11,-0.1042
GISTEMP,1966-12,-0.02
GCAG,1966-12,-0.1376
GISTEMP,1967-01,-0.07
GCAG,1967-01,-0.2173
GISTEMP,1967-02,-0.2
GCAG,1967-02,-0.3252
GISTEMP,1967-03,0.05
GCAG,1967-03,-0.0941
GISTEMP,1967-04,-0.05
GCAG,1967-04,-0.1316
GISTEMP,1967-05,0.12
GCAG,1967-05,0.0614
GISTEMP,1967-06,-0.08
GCAG,1967-06,-0.1081
GISTEMP,1967-07,0.02
GCAG,1967-07,-0.0667
GISTEMP,1967-08,0.01
GCAG,1967-08,-0.0976
GISTEMP,1967-09,-0.06
GCAG,1967-09,-0.122
GISTEMP,1967-10,0.09
GCAG,1967-10,-0.0173
GISTEMP,1967-11,-0.05
GCAG,1967-11,-0.1187
GISTEMP,1967-12,-0.05
GCAG,1967-12,-0.1513
GISTEMP,1968-01,-0.26
GCAG,1968-01,-0.3182
GISTEMP,1968-02,-0.14
GCAG,1968-02,-0.2614
GISTEMP,1968-03,0.2
GCAG,1968-03,0.0014
GISTEMP,1968-04,-0.06
GCAG,1968-04,-0.1766
GISTEMP,1968-05,-0.14
GCAG,1968-05,-0.2218
GISTEMP,1968-06,-0.09
GCAG,1968-06,-0.1484
GISTEMP,1968-07,-0.13
GCAG,1968-07,-0.1919
GISTEMP,1968-08,-0.08
GCAG,1968-08,-0.1243
GISTEMP,1968-09,-0.19
GCAG,1968-09,-0.2212
GISTEMP,1968-10,0.09
GCAG,1968-10,0.0124
GISTEMP,1968-11,-0.05
GCAG,1968-11,-0.1306
GISTEMP,1968-12,-0.14
GCAG,1968-12,-0.1869
GISTEMP,1969-01,-0.11
GCAG,1969-01,-0.1583
GISTEMP,1969-02,-0.18
GCAG,1969-02,-0.1929
GISTEMP,1969-03,0.01
GCAG,1969-03,-0.1294
GISTEMP,1969-04,0.17
GCAG,1969-04,0.0513
GISTEMP,1969-05,0.18
GCAG,1969-05,0.0667
GISTEMP,1969-06,0.03
GCAG,1969-06,0.0095
GISTEMP,1969-07,-0.04
GCAG,1969-07,-0.1044
GISTEMP,1969-08,0.04
GCAG,1969-08,-0.0677
GISTEMP,1969-09,0.08
GCAG,1969-09,-0.0087
GISTEMP,1969-10,0.09
GCAG,1969-10,0.0037
GISTEMP,1969-11,0.12
GCAG,1969-11,0.0257
GISTEMP,1969-12,0.24
GCAG,1969-12,0.1709
GISTEMP,1970-01,0.08
GCAG,1970-01,0.0149
GISTEMP,1970-02,0.22
GCAG,1970-02,0.0642
GISTEMP,1970-03,0.06
GCAG,1970-03,-0.0887
GISTEMP,1970-04,0.05
GCAG,1970-04,-0.0778
GISTEMP,1970-05,-0.03
GCAG,1970-05,-0.1406
GISTEMP,1970-06,-0.02
GCAG,1970-06,-0.1364
GISTEMP,1970-07,0.02
GCAG,1970-07,-0.1096
GISTEMP,1970-08,-0.1
GCAG,1970-08,-0.1971
GISTEMP,1970-09,0.12
GCAG,1970-09,-0.029
GISTEMP,1970-10,0.03
GCAG,1970-10,-0.059
GISTEMP,1970-11,0.02
GCAG,1970-11,-0.0587
GISTEMP,1970-12,-0.12
GCAG,1970-12,-0.1904
GISTEMP,1971-01,-0.02
GCAG,1971-01,-0.1412
GISTEMP,1971-02,-0.15
GCAG,1971-02,-0.2719
GISTEMP,1971-03,-0.18
GCAG,1971-03,-0.3368
GISTEMP,1971-04,-0.07
GCAG,1971-04,-0.2318
GISTEMP,1971-05,-0.05
GCAG,1971-05,-0.1959
GISTEMP,1971-06,-0.16
GCAG,1971-06,-0.258
GISTEMP,1971-07,-0.08
GCAG,1971-07,-0.1822
GISTEMP,1971-08,-0.01
GCAG,1971-08,-0.1789
GISTEMP,1971-09,-0.05
GCAG,1971-09,-0.1223
GISTEMP,1971-10,-0.04
GCAG,1971-10,-0.1538
GISTEMP,1971-11,-0.07
GCAG,1971-11,-0.1491
GISTEMP,1971-12,-0.08
GCAG,1971-12,-0.227
GISTEMP,1972-01,-0.23
GCAG,1972-01,-0.3753
GISTEMP,1972-02,-0.18
GCAG,1972-02,-0.2761
GISTEMP,1972-03,0.02
GCAG,1972-03,-0.1395
GISTEMP,1972-04,0.0
GCAG,1972-04,-0.1251
GISTEMP,1972-05,-0.03
GCAG,1972-05,-0.0792
GISTEMP,1972-06,0.04
GCAG,1972-06,-0.0297
GISTEMP,1972-07,0.01
GCAG,1972-07,-0.0889
GISTEMP,1972-08,0.16
GCAG,1972-08,0.0667
GISTEMP,1972-09,0.02
GCAG,1972-09,-0.0489
GISTEMP,1972-10,0.08
GCAG,1972-10,-0.0521
GISTEMP,1972-11,0.02
GCAG,1972-11,-0.0477
GISTEMP,1972-12,0.18
GCAG,1972-12,0.1138
GISTEMP,1973-01,0.29
GCAG,1973-01,0.1038
GISTEMP,1973-02,0.32
GCAG,1973-02,0.1618
GISTEMP,1973-03,0.29
GCAG,1973-03,0.1189
GISTEMP,1973-04,0.27
GCAG,1973-04,0.1958
GISTEMP,1973-05,0.23
GCAG,1973-05,0.1107
GISTEMP,1973-06,0.19
GCAG,1973-06,0.1066
GISTEMP,1973-07,0.13
GCAG,1973-07,0.0204
GISTEMP,1973-08,0.05
GCAG,1973-08,-0.0214
GISTEMP,1973-09,0.09
GCAG,1973-09,-0.032
GISTEMP,1973-10,0.1
GCAG,1973-10,0.0149
GISTEMP,1973-11,0.04
GCAG,1973-11,-0.023
GISTEMP,1973-12,-0.07
GCAG,1973-12,-0.1269
GISTEMP,1974-01,-0.1
GCAG,1974-01,-0.2813
GISTEMP,1974-02,-0.27
GCAG,1974-02,-0.4434
GISTEMP,1974-03,-0.05
GCAG,1974-03,-0.2362
GISTEMP,1974-04,-0.11
GCAG,1974-04,-0.1978
GISTEMP,1974-05,-0.04
GCAG,1974-05,-0.1276
GISTEMP,1974-06,-0.05
GCAG,1974-06,-0.1124
GISTEMP,1974-07,-0.03
GCAG,1974-07,-0.1316
GISTEMP,1974-08,0.1
GCAG,1974-08,0.0274
GISTEMP,1974-09,-0.08
GCAG,1974-09,-0.0872
GISTEMP,1974-10,-0.06
GCAG,1974-10,-0.1078
GISTEMP,1974-11,-0.08
GCAG,1974-11,-0.1192
GISTEMP,1974-12,-0.08
GCAG,1974-12,-0.2071
GISTEMP,1975-01,0.1
GCAG,1975-01,-0.0904
GISTEMP,1975-02,0.08
GCAG,1975-02,-0.0182
GISTEMP,1975-03,0.12
GCAG,1975-03,-0.0055
GISTEMP,1975-04,0.04
GCAG,1975-04,-0.0451
GISTEMP,1975-05,0.16
GCAG,1975-05,0.0571
GISTEMP,1975-06,-0.01
GCAG,1975-06,-0.0558
GISTEMP,1975-07,-0.01
GCAG,1975-07,-0.1001
GISTEMP,1975-08,-0.17
GCAG,1975-08,-0.2282
GISTEMP,1975-09,-0.02
GCAG,1975-09,-0.1354
GISTEMP,1975-10,-0.11
GCAG,1975-10,-0.1476
GISTEMP,1975-11,-0.17
GCAG,1975-11,-0.2572
GISTEMP,1975-12,-0.17
GCAG,1975-12,-0.2454
GISTEMP,1976-01,-0.03
GCAG,1976-01,-0.1646
GISTEMP,1976-02,-0.06
GCAG,1976-02,-0.2257
GISTEMP,1976-03,-0.21
GCAG,1976-03,-0.3324
GISTEMP,1976-04,-0.07
GCAG,1976-04,-0.1799
GISTEMP,1976-05,-0.2
GCAG,1976-05,-0.3549
GISTEMP,1976-06,-0.12
GCAG,1976-06,-0.2311
GISTEMP,1976-07,-0.1
GCAG,1976-07,-0.1683
GISTEMP,1976-08,-0.12
GCAG,1976-08,-0.2377
GISTEMP,1976-09,-0.07
GCAG,1976-09,-0.1484
GISTEMP,1976-10,-0.24
GCAG,1976-10,-0.3297
GISTEMP,1976-11,-0.06
GCAG,1976-11,-0.1315
GISTEMP,1976-12,0.11
GCAG,1976-12,-0.0253
GISTEMP,1977-01,0.19
GCAG,1977-01,0.1554
GISTEMP,1977-02,0.23
GCAG,1977-02,0.1089
GISTEMP,1977-03,0.24
GCAG,1977-03,0.0797
GISTEMP,1977-04,0.26
GCAG,1977-04,0.1356
GISTEMP,1977-05,0.33
GCAG,1977-05,0.2281
GISTEMP,1977-06,0.27
GCAG,1977-06,0.2104
GISTEMP,1977-07,0.2
GCAG,1977-07,0.1431
GISTEMP,1977-08,0.18
GCAG,1977-08,0.1327
GISTEMP,1977-09,0.02
GCAG,1977-09,-0.0006
GISTEMP,1977-10,0.03
GCAG,1977-10,-0.015
GISTEMP,1977-11,0.16
GCAG,1977-11,0.1219
GISTEMP,1977-12,0.03
GCAG,1977-12,-0.039
GISTEMP,1978-01,0.06
GCAG,1978-01,0.0372
GISTEMP,1978-02,0.1
GCAG,1978-02,0.0747
GISTEMP,1978-03,0.19
GCAG,1978-03,0.0597
GISTEMP,1978-04,0.17
GCAG,1978-04,0.0531
GISTEMP,1978-05,0.09
GCAG,1978-05,0.0144
GISTEMP,1978-06,-0.01
GCAG,1978-06,-0.0535
GISTEMP,1978-07,0.04
GCAG,1978-07,0.0153
GISTEMP,1978-08,-0.14
GCAG,1978-08,-0.217
GISTEMP,1978-09,0.06
GCAG,1978-09,0.0367
GISTEMP,1978-10,0.03
GCAG,1978-10,-0.0596
GISTEMP,1978-11,0.13
GCAG,1978-11,0.0937
GISTEMP,1978-12,0.08
GCAG,1978-12,0.0113
GISTEMP,1979-01,0.09
GCAG,1979-01,0.0481
GISTEMP,1979-02,-0.1
GCAG,1979-02,-0.1812
GISTEMP,1979-03,0.19
GCAG,1979-03,0.0631
GISTEMP,1979-04,0.15
GCAG,1979-04,0.0737
GISTEMP,1979-05,0.04
GCAG,1979-05,-0.0258
GISTEMP,1979-06,0.14
GCAG,1979-06,0.0462
GISTEMP,1979-07,0.04
GCAG,1979-07,0.0163
GISTEMP,1979-08,0.17
GCAG,1979-08,0.1137
GISTEMP,1979-09,0.25
GCAG,1979-09,0.1708
GISTEMP,1979-10,0.26
GCAG,1979-10,0.1428
GISTEMP,1979-11,0.28
GCAG,1979-11,0.2051
GISTEMP,1979-12,0.48
GCAG,1979-12,0.3844
GISTEMP,1980-01,0.29
GCAG,1980-01,0.2486
GISTEMP,1980-02,0.39
GCAG,1980-02,0.3547
GISTEMP,1980-03,0.29
GCAG,1980-03,0.21
GISTEMP,1980-04,0.3
GCAG,1980-04,0.2305
GISTEMP,1980-05,0.35
GCAG,1980-05,0.2424
GISTEMP,1980-06,0.2
GCAG,1980-06,0.1261
GISTEMP,1980-07,0.22
GCAG,1980-07,0.2021
GISTEMP,1980-08,0.18
GCAG,1980-08,0.1613
GISTEMP,1980-09,0.2
GCAG,1980-09,0.1219
GISTEMP,1980-10,0.13
GCAG,1980-10,0.0906
GISTEMP,1980-11,0.29
GCAG,1980-11,0.2034
GISTEMP,1980-12,0.21
GCAG,1980-12,0.1066
GISTEMP,1981-01,0.53
GCAG,1981-01,0.442
GISTEMP,1981-02,0.42
GCAG,1981-02,0.3366
GISTEMP,1981-03,0.48
GCAG,1981-03,0.3259
GISTEMP,1981-04,0.32
GCAG,1981-04,0.1935
GISTEMP,1981-05,0.24
GCAG,1981-05,0.1425
GISTEMP,1981-06,0.29
GCAG,1981-06,0.2405
GISTEMP,1981-07,0.32
GCAG,1981-07,0.2661
GISTEMP,1981-08,0.35
GCAG,1981-08,0.3067
GISTEMP,1981-09,0.15
GCAG,1981-09,0.1368
GISTEMP,1981-10,0.12
GCAG,1981-10,0.0515
GISTEMP,1981-11,0.23
GCAG,1981-11,0.1592
GISTEMP,1981-12,0.41
GCAG,1981-12,0.3624
GISTEMP,1982-01,0.05
GCAG,1982-01,-0.0335
GISTEMP,1982-02,0.15
GCAG,1982-02,0.0625
GISTEMP,1982-03,0.03
GCAG,1982-03,-0.1403
GISTEMP,1982-04,0.15
GCAG,1982-04,0.0195
GISTEMP,1982-05,0.18
GCAG,1982-05,0.0871
GISTEMP,1982-06,0.05
GCAG,1982-06,-0.0038
GISTEMP,1982-07,0.14
GCAG,1982-07,0.0735
GISTEMP,1982-08,0.03
GCAG,1982-08,-0.0481
GISTEMP,1982-09,0.14
GCAG,1982-09,0.012
GISTEMP,1982-10,0.13
GCAG,1982-10,0.0387
GISTEMP,1982-11,0.18
GCAG,1982-11,0.0274
GISTEMP,1982-12,0.43
GCAG,1982-12,0.2765
GISTEMP,1983-01,0.53
GCAG,1983-01,0.3576
GISTEMP,1983-02,0.43
GCAG,1983-02,0.3326
GISTEMP,1983-03,0.42
GCAG,1983-03,0.2453
GISTEMP,1983-04,0.28
GCAG,1983-04,0.1735
GISTEMP,1983-05,0.34
GCAG,1983-05,0.2194
GISTEMP,1983-06,0.23
GCAG,1983-06,0.1631
GISTEMP,1983-07,0.18
GCAG,1983-07,0.1102
GISTEMP,1983-08,0.36
GCAG,1983-08,0.2801
GISTEMP,1983-09,0.37
GCAG,1983-09,0.323
GISTEMP,1983-10,0.17
GCAG,1983-10,0.1115
GISTEMP,1983-11,0.3
GCAG,1983-11,0.2418
GISTEMP,1983-12,0.16
GCAG,1983-12,0.092
GISTEMP,1984-01,0.31
GCAG,1984-01,0.1521
GISTEMP,1984-02,0.14
GCAG,1984-02,0.0236
GISTEMP,1984-03,0.26
GCAG,1984-03,0.1444
GISTEMP,1984-04,0.06
GCAG,1984-04,0.0094
GISTEMP,1984-05,0.33
GCAG,1984-05,0.2124
GISTEMP,1984-06,0.02
GCAG,1984-06,-0.0392
GISTEMP,1984-07,0.19
GCAG,1984-07,0.0212
GISTEMP,1984-08,0.19
GCAG,1984-08,0.0912
GISTEMP,1984-09,0.21
GCAG,1984-09,0.1235
GISTEMP,1984-10,0.13
GCAG,1984-10,0.0365
GISTEMP,1984-11,0.06
GCAG,1984-11,-0.0607
GISTEMP,1984-12,-0.04
GCAG,1984-12,-0.162
GISTEMP,1985-01,0.22
GCAG,1985-01,0.1122
GISTEMP,1985-02,-0.04
GCAG,1985-02,-0.1042
GISTEMP,1985-03,0.17
GCAG,1985-03,0.0381
GISTEMP,1985-04,0.12
GCAG,1985-04,-0.001
GISTEMP,1985-05,0.14
GCAG,1985-05,0.0621
GISTEMP,1985-06,0.15
GCAG,1985-06,0.1182
GISTEMP,1985-07,0.04
GCAG,1985-07,-0.0265
GISTEMP,1985-08,0.17
GCAG,1985-08,0.1386
GISTEMP,1985-09,0.13
GCAG,1985-09,0.1149
GISTEMP,1985-10,0.12
GCAG,1985-10,0.0347
GISTEMP,1985-11,0.05
GCAG,1985-11,0.0125
GISTEMP,1985-12,0.14
GCAG,1985-12,0.0522
GISTEMP,1986-01,0.26
GCAG,1986-01,0.1133
GISTEMP,1986-02,0.37
GCAG,1986-02,0.303
GISTEMP,1986-03,0.3
GCAG,1986-03,0.1312
GISTEMP,1986-04,0.22
GCAG,1986-04,0.1268
GISTEMP,1986-05,0.21
GCAG,1986-05,0.1379
GISTEMP,1986-06,0.12
GCAG,1986-06,0.0373
GISTEMP,1986-07,0.11
GCAG,1986-07,0.0381
GISTEMP,1986-08,0.16
GCAG,1986-08,0.0875
GISTEMP,1986-09,0.03
GCAG,1986-09,0.0207
GISTEMP,1986-10,0.15
GCAG,1986-10,0.0498
GISTEMP,1986-11,0.1
GCAG,1986-11,0.0364
GISTEMP,1986-12,0.13
GCAG,1986-12,0.0258
GISTEMP,1987-01,0.32
GCAG,1987-01,0.2129
GISTEMP,1987-02,0.43
GCAG,1987-02,0.3132
GISTEMP,1987-03,0.18
GCAG,1987-03,0.0985
GISTEMP,1987-04,0.24
GCAG,1987-04,0.1848
GISTEMP,1987-05,0.25
GCAG,1987-05,0.1618
GISTEMP,1987-06,0.35
GCAG,1987-06,0.2604
GISTEMP,1987-07,0.4
GCAG,1987-07,0.3428
GISTEMP,1987-08,0.25
GCAG,1987-08,0.2076
GISTEMP,1987-09,0.35
GCAG,1987-09,0.2595
GISTEMP,1987-10,0.33
GCAG,1987-10,0.2671
GISTEMP,1987-11,0.29
GCAG,1987-11,0.1834
GISTEMP,1987-12,0.46
GCAG,1987-12,0.3664
GISTEMP,1988-01,0.57
GCAG,1988-01,0.453
GISTEMP,1988-02,0.44
GCAG,1988-02,0.3269
GISTEMP,1988-03,0.51
GCAG,1988-03,0.3805
GISTEMP,1988-04,0.42
GCAG,1988-04,0.3216
GISTEMP,1988-05,0.44
GCAG,1988-05,0.3142
GISTEMP,1988-06,0.4
GCAG,1988-06,0.3294
GISTEMP,1988-07,0.33
GCAG,1988-07,0.2518
GISTEMP,1988-08,0.39
GCAG,1988-08,0.2541
GISTEMP,1988-09,0.37
GCAG,1988-09,0.2531
GISTEMP,1988-10,0.37
GCAG,1988-10,0.2518
GISTEMP,1988-11,0.12
GCAG,1988-11,0.0239
GISTEMP,1988-12,0.29
GCAG,1988-12,0.1712
GISTEMP,1989-01,0.12
GCAG,1989-01,-0.031
GISTEMP,1989-02,0.3
GCAG,1989-02,0.2337
GISTEMP,1989-03,0.36
GCAG,1989-03,0.1814
GISTEMP,1989-04,0.29
GCAG,1989-04,0.1448
GISTEMP,1989-05,0.17
GCAG,1989-05,0.0338
GISTEMP,1989-06,0.15
GCAG,1989-06,0.0927
GISTEMP,1989-07,0.34
GCAG,1989-07,0.2586
GISTEMP,1989-08,0.33
GCAG,1989-08,0.2504
GISTEMP,1989-09,0.34
GCAG,1989-09,0.2928
GISTEMP,1989-10,0.29
GCAG,1989-10,0.2545
GISTEMP,1989-11,0.2
GCAG,1989-11,0.1086
GISTEMP,1989-12,0.37
GCAG,1989-12,0.2785
GISTEMP,1990-01,0.41
GCAG,1990-01,0.28
GISTEMP,1990-02,0.44
GCAG,1990-02,0.2734
GISTEMP,1990-03,0.8
GCAG,1990-03,0.6284
GISTEMP,1990-04,0.56
GCAG,1990-04,0.4896
GISTEMP,1990-05,0.45
GCAG,1990-05,0.4007
GISTEMP,1990-06,0.37
GCAG,1990-06,0.3107
GISTEMP,1990-07,0.46
GCAG,1990-07,0.3742
GISTEMP,1990-08,0.34
GCAG,1990-08,0.2744
GISTEMP,1990-09,0.23
GCAG,1990-09,0.2134
GISTEMP,1990-10,0.44
GCAG,1990-10,0.3798
GISTEMP,1990-11,0.46
GCAG,1990-11,0.3525
GISTEMP,1990-12,0.4
GCAG,1990-12,0.2834
GISTEMP,1991-01,0.42
GCAG,1991-01,0.2966
GISTEMP,1991-02,0.5
GCAG,1991-02,0.3997
GISTEMP,1991-03,0.35
GCAG,1991-03,0.2408
GISTEMP,1991-04,0.51
GCAG,1991-04,0.4324
GISTEMP,1991-05,0.34
GCAG,1991-05,0.3078
GISTEMP,1991-06,0.53
GCAG,1991-06,0.4286
GISTEMP,1991-07,0.47
GCAG,1991-07,0.4633
GISTEMP,1991-08,0.39
GCAG,1991-08,0.3615
GISTEMP,1991-09,0.44
GCAG,1991-09,0.3473
GISTEMP,1991-10,0.29
GCAG,1991-10,0.2451
GISTEMP,1991-11,0.29
GCAG,1991-11,0.2492
GISTEMP,1991-12,0.32
GCAG,1991-12,0.2333
GISTEMP,1992-01,0.47
GCAG,1992-01,0.3567
GISTEMP,1992-02,0.4
GCAG,1992-02,0.3431
GISTEMP,1992-03,0.48
GCAG,1992-03,0.3052
GISTEMP,1992-04,0.27
GCAG,1992-04,0.1556
GISTEMP,1992-05,0.31
GCAG,1992-05,0.164
GISTEMP,1992-06,0.26
GCAG,1992-06,0.1522
GISTEMP,1992-07,0.09
GCAG,1992-07,0.003
GISTEMP,1992-08,0.08
GCAG,1992-08,0.0349
GISTEMP,1992-09,-0.01
GCAG,1992-09,-0.0957
GISTEMP,1992-10,0.07
GCAG,1992-10,-0.0288
GISTEMP,1992-11,0.03
GCAG,1992-11,-0.0403
GISTEMP,1992-12,0.21
GCAG,1992-12,0.0903
GISTEMP,1993-01,0.35
GCAG,1993-01,0.257
GISTEMP,1993-02,0.37
GCAG,1993-02,0.2742
GISTEMP,1993-03,0.36
GCAG,1993-03,0.233
GISTEMP,1993-04,0.28
GCAG,1993-04,0.1914
GISTEMP,1993-05,0.28
GCAG,1993-05,0.1912
GISTEMP,1993-06,0.23
GCAG,1993-06,0.1608
GISTEMP,1993-07,0.25
GCAG,1993-07,0.1557
GISTEMP,1993-08,0.11
GCAG,1993-08,0.0783
GISTEMP,1993-09,0.11
GCAG,1993-09,0.0408
GISTEMP,1993-10,0.24
GCAG,1993-10,0.1476
GISTEMP,1993-11,0.03
GCAG,1993-11,0.0604
GISTEMP,1993-12,0.18
GCAG,1993-12,0.1427
GISTEMP,1994-01,0.26
GCAG,1994-01,0.1922
GISTEMP,1994-02,0.02
GCAG,1994-02,0.0024
GISTEMP,1994-03,0.29
GCAG,1994-03,0.2336
GISTEMP,1994-04,0.41
GCAG,1994-04,0.246
GISTEMP,1994-05,0.28
GCAG,1994-05,0.1984
GISTEMP,1994-06,0.43
GCAG,1994-06,0.312
GISTEMP,1994-07,0.3
GCAG,1994-07,0.1774
GISTEMP,1994-08,0.21
GCAG,1994-08,0.1679
GISTEMP,1994-09,0.31
GCAG,1994-09,0.2651
GISTEMP,1994-10,0.43
GCAG,1994-10,0.3418
GISTEMP,1994-11,0.44
GCAG,1994-11,0.3497
GISTEMP,1994-12,0.39
GCAG,1994-12,0.2429
GISTEMP,1995-01,0.52
GCAG,1995-01,0.4111
GISTEMP,1995-02,0.79
GCAG,1995-02,0.6332
GISTEMP,1995-03,0.46
GCAG,1995-03,0.3509
GISTEMP,1995-04,0.46
GCAG,1995-04,0.4159
GISTEMP,1995-05,0.27
GCAG,1995-05,0.2585
GISTEMP,1995-06,0.43
GCAG,1995-06,0.3748
GISTEMP,1995-07,0.45
GCAG,1995-07,0.4374
GISTEMP,1995-08,0.45
GCAG,1995-08,0.3868
GISTEMP,1995-09,0.33
GCAG,1995-09,0.2746
GISTEMP,1995-10,0.46
GCAG,1995-10,0.3762
GISTEMP,1995-11,0.45
GCAG,1995-11,0.3672
GISTEMP,1995-12,0.26
GCAG,1995-12,0.167
GISTEMP,1996-01,0.24
GCAG,1996-01,0.2095
GISTEMP,1996-02,0.46
GCAG,1996-02,0.4539
GISTEMP,1996-03,0.32
GCAG,1996-03,0.2773
GISTEMP,1996-04,0.33
GCAG,1996-04,0.2426
GISTEMP,1996-05,0.27
GCAG,1996-05,0.2336
GISTEMP,1996-06,0.25
GCAG,1996-06,0.2132
GISTEMP,1996-07,0.36
GCAG,1996-07,0.3224
GISTEMP,1996-08,0.48
GCAG,1996-08,0.3511
GISTEMP,1996-09,0.25
GCAG,1996-09,0.2008
GISTEMP,1996-10,0.22
GCAG,1996-10,0.1221
GISTEMP,1996-11,0.42
GCAG,1996-11,0.3082
GISTEMP,1996-12,0.37
GCAG,1996-12,0.3153
GISTEMP,1997-01,0.32
GCAG,1997-01,0.242
GISTEMP,1997-02,0.4
GCAG,1997-02,0.2881
GISTEMP,1997-03,0.52
GCAG,1997-03,0.3872
GISTEMP,1997-04,0.33
GCAG,1997-04,0.3669
GISTEMP,1997-05,0.34
GCAG,1997-05,0.3103
GISTEMP,1997-06,0.54
GCAG,1997-06,0.4862
GISTEMP,1997-07,0.34
GCAG,1997-07,0.3426
GISTEMP,1997-08,0.41
GCAG,1997-08,0.4036
GISTEMP,1997-09,0.52
GCAG,1997-09,0.4628
GISTEMP,1997-10,0.61
GCAG,1997-10,0.5664
GISTEMP,1997-11,0.64
GCAG,1997-11,0.6075
GISTEMP,1997-12,0.59
GCAG,1997-12,0.5173
GISTEMP,1998-01,0.58
GCAG,1998-01,0.5573
GISTEMP,1998-02,0.88
GCAG,1998-02,0.791
GISTEMP,1998-03,0.63
GCAG,1998-03,0.5804
GISTEMP,1998-04,0.63
GCAG,1998-04,0.6425
GISTEMP,1998-05,0.68
GCAG,1998-05,0.6317
GISTEMP,1998-06,0.77
GCAG,1998-06,0.6627
GISTEMP,1998-07,0.66
GCAG,1998-07,0.6554
GISTEMP,1998-08,0.65
GCAG,1998-08,0.6472
GISTEMP,1998-09,0.42
GCAG,1998-09,0.4299
GISTEMP,1998-10,0.42
GCAG,1998-10,0.4102
GISTEMP,1998-11,0.43
GCAG,1998-11,0.3753
GISTEMP,1998-12,0.54
GCAG,1998-12,0.4799
GISTEMP,1999-01,0.48
GCAG,1999-01,0.3817
GISTEMP,1999-02,0.64
GCAG,1999-02,0.5945
GISTEMP,1999-03,0.32
GCAG,1999-03,0.2501
GISTEMP,1999-04,0.32
GCAG,1999-04,0.2625
GISTEMP,1999-05,0.26
GCAG,1999-05,0.241
GISTEMP,1999-06,0.36
GCAG,1999-06,0.3194
GISTEMP,1999-07,0.39
GCAG,1999-07,0.3068
GISTEMP,1999-08,0.31
GCAG,1999-08,0.2986
GISTEMP,1999-09,0.39
GCAG,1999-09,0.2712
GISTEMP,1999-10,0.34
GCAG,1999-10,0.3026
GISTEMP,1999-11,0.37
GCAG,1999-11,0.2789
GISTEMP,1999-12,0.4
GCAG,1999-12,0.3091
GISTEMP,2000-01,0.25
GCAG,2000-01,0.173
GISTEMP,2000-02,0.56
GCAG,2000-02,0.4892
GISTEMP,2000-03,0.55
GCAG,2000-03,0.4372
GISTEMP,2000-04,0.56
GCAG,2000-04,0.5274
GISTEMP,2000-05,0.35
GCAG,2000-05,0.2987
GISTEMP,2000-06,0.4
GCAG,2000-06,0.3449
GISTEMP,2000-07,0.39
GCAG,2000-07,0.3254
GISTEMP,2000-08,0.42
GCAG,2000-08,0.3741
GISTEMP,2000-09,0.39
GCAG,2000-09,0.3079
GISTEMP,2000-10,0.27
GCAG,2000-10,0.1901
GISTEMP,2000-11,0.3
GCAG,2000-11,0.241
GISTEMP,2000-12,0.28
GCAG,2000-12,0.1971
GISTEMP,2001-01,0.45
GCAG,2001-01,0.3569
GISTEMP,2001-02,0.43
GCAG,2001-02,0.3846
GISTEMP,2001-03,0.55
GCAG,2001-03,0.512
GISTEMP,2001-04,0.5
GCAG,2001-04,0.4439
GISTEMP,2001-05,0.57
GCAG,2001-05,0.4828
GISTEMP,2001-06,0.52
GCAG,2001-06,0.4426
GISTEMP,2001-07,0.59
GCAG,2001-07,0.507
GISTEMP,2001-08,0.48
GCAG,2001-08,0.4994
GISTEMP,2001-09,0.51
GCAG,2001-09,0.4892
GISTEMP,2001-10,0.5
GCAG,2001-10,0.4612
GISTEMP,2001-11,0.72
GCAG,2001-11,0.6861
GISTEMP,2001-12,0.55
GCAG,2001-12,0.5356
GISTEMP,2002-01,0.77
GCAG,2002-01,0.6401
GISTEMP,2002-02,0.78
GCAG,2002-02,0.6341
GISTEMP,2002-03,0.88
GCAG,2002-03,0.7866
GISTEMP,2002-04,0.58
GCAG,2002-04,0.5572
GISTEMP,2002-05,0.64
GCAG,2002-05,0.4972
GISTEMP,2002-06,0.53
GCAG,2002-06,0.4434
GISTEMP,2002-07,0.61
GCAG,2002-07,0.5669
GISTEMP,2002-08,0.53
GCAG,2002-08,0.4958
GISTEMP,2002-09,0.64
GCAG,2002-09,0.4988
GISTEMP,2002-10,0.54
GCAG,2002-10,0.4967
GISTEMP,2002-11,0.59
GCAG,2002-11,0.4878
GISTEMP,2002-12,0.44
GCAG,2002-12,0.3414
GISTEMP,2003-01,0.74
GCAG,2003-01,0.6511
GISTEMP,2003-02,0.58
GCAG,2003-02,0.4807
GISTEMP,2003-03,0.6
GCAG,2003-03,0.4738
GISTEMP,2003-04,0.55
GCAG,2003-04,0.4647
GISTEMP,2003-05,0.6
GCAG,2003-05,0.5142
GISTEMP,2003-06,0.47
GCAG,2003-06,0.4196
GISTEMP,2003-07,0.58
GCAG,2003-07,0.4814
GISTEMP,2003-08,0.64
GCAG,2003-08,0.6109
GISTEMP,2003-09,0.62
GCAG,2003-09,0.5693
GISTEMP,2003-10,0.72
GCAG,2003-10,0.6529
GISTEMP,2003-11,0.52
GCAG,2003-11,0.49
GISTEMP,2003-12,0.74
GCAG,2003-12,0.6507
GISTEMP,2004-01,0.57
GCAG,2004-01,0.5008
GISTEMP,2004-02,0.72
GCAG,2004-02,0.6285
GISTEMP,2004-03,0.63
GCAG,2004-03,0.5184
GISTEMP,2004-04,0.6
GCAG,2004-04,0.5155
GISTEMP,2004-05,0.37
GCAG,2004-05,0.3473
GISTEMP,2004-06,0.44
GCAG,2004-06,0.3085
GISTEMP,2004-07,0.25
GCAG,2004-07,0.2363
GISTEMP,2004-08,0.45
GCAG,2004-08,0.4592
GISTEMP,2004-09,0.5
GCAG,2004-09,0.4606
GISTEMP,2004-10,0.61
GCAG,2004-10,0.5174
GISTEMP,2004-11,0.73
GCAG,2004-11,0.6462
GISTEMP,2004-12,0.5
GCAG,2004-12,0.4102
GISTEMP,2005-01,0.75
GCAG,2005-01,0.6426
GISTEMP,2005-02,0.6
GCAG,2005-02,0.5272
GISTEMP,2005-03,0.74
GCAG,2005-03,0.6398
GISTEMP,2005-04,0.67
GCAG,2005-04,0.6256
GISTEMP,2005-05,0.62
GCAG,2005-05,0.5495
GISTEMP,2005-06,0.64
GCAG,2005-06,0.5671
GISTEMP,2005-07,0.61
GCAG,2005-07,0.5531
GISTEMP,2005-08,0.6
GCAG,2005-08,0.5818
GISTEMP,2005-09,0.71
GCAG,2005-09,0.6307
GISTEMP,2005-10,0.76
GCAG,2005-10,0.68
GISTEMP,2005-11,0.74
GCAG,2005-11,0.6357
GISTEMP,2005-12,0.67
GCAG,2005-12,0.5946
GISTEMP,2006-01,0.56
GCAG,2006-01,0.4943
GISTEMP,2006-02,0.74
GCAG,2006-02,0.6356
GISTEMP,2006-03,0.63
GCAG,2006-03,0.5313
GISTEMP,2006-04,0.47
GCAG,2006-04,0.4758
GISTEMP,2006-05,0.48
GCAG,2006-05,0.4638
GISTEMP,2006-06,0.66
GCAG,2006-06,0.5698
GISTEMP,2006-07,0.54
GCAG,2006-07,0.4758
GISTEMP,2006-08,0.71
GCAG,2006-08,0.6309
GISTEMP,2006-09,0.66
GCAG,2006-09,0.545
GISTEMP,2006-10,0.7
GCAG,2006-10,0.6095
GISTEMP,2006-11,0.73
GCAG,2006-11,0.6548
GISTEMP,2006-12,0.79
GCAG,2006-12,0.7095
GISTEMP,2007-01,1.01
GCAG,2007-01,0.8886
GISTEMP,2007-02,0.7
GCAG,2007-02,0.63
GISTEMP,2007-03,0.71
GCAG,2007-03,0.5827
GISTEMP,2007-04,0.77
GCAG,2007-04,0.7175
GISTEMP,2007-05,0.69
GCAG,2007-05,0.572
GISTEMP,2007-06,0.61
GCAG,2007-06,0.4968
GISTEMP,2007-07,0.59
GCAG,2007-07,0.5594
GISTEMP,2007-08,0.6
GCAG,2007-08,0.5793
GISTEMP,2007-09,0.6
GCAG,2007-09,0.5064
GISTEMP,2007-10,0.59
GCAG,2007-10,0.5534
GISTEMP,2007-11,0.59
GCAG,2007-11,0.5283
GISTEMP,2007-12,0.49
GCAG,2007-12,0.4117
GISTEMP,2008-01,0.3
GCAG,2008-01,0.2036
GISTEMP,2008-02,0.38
GCAG,2008-02,0.2604
GISTEMP,2008-03,0.75
GCAG,2008-03,0.6034
GISTEMP,2008-04,0.54
GCAG,2008-04,0.4406
GISTEMP,2008-05,0.5
GCAG,2008-05,0.4278
GISTEMP,2008-06,0.49
GCAG,2008-06,0.3775
GISTEMP,2008-07,0.6
GCAG,2008-07,0.5309
GISTEMP,2008-08,0.45
GCAG,2008-08,0.4517
GISTEMP,2008-09,0.6
GCAG,2008-09,0.5451
GISTEMP,2008-10,0.67
GCAG,2008-10,0.5895
GISTEMP,2008-11,0.69
GCAG,2008-11,0.6175
GISTEMP,2008-12,0.54
GCAG,2008-12,0.4623
GISTEMP,2009-01,0.65
GCAG,2009-01,0.5805
GISTEMP,2009-02,0.53
GCAG,2009-02,0.4573
GISTEMP,2009-03,0.53
GCAG,2009-03,0.4392
GISTEMP,2009-04,0.61
GCAG,2009-04,0.5207
GISTEMP,2009-05,0.65
GCAG,2009-05,0.5476
GISTEMP,2009-06,0.64
GCAG,2009-06,0.6205
GISTEMP,2009-07,0.74
GCAG,2009-07,0.6761
GISTEMP,2009-08,0.69
GCAG,2009-08,0.6189
GISTEMP,2009-09,0.72
GCAG,2009-09,0.6767
GISTEMP,2009-10,0.65
GCAG,2009-10,0.6174
GISTEMP,2009-11,0.8
GCAG,2009-11,0.6935
GISTEMP,2009-12,0.67
GCAG,2009-12,0.6317
GISTEMP,2010-01,0.75
GCAG,2010-01,0.7063
GISTEMP,2010-02,0.84
GCAG,2010-02,0.7791
GISTEMP,2010-03,0.92
GCAG,2010-03,0.8514
GISTEMP,2010-04,0.85
GCAG,2010-04,0.8191
GISTEMP,2010-05,0.75
GCAG,2010-05,0.7077
GISTEMP,2010-06,0.67
GCAG,2010-06,0.643
GISTEMP,2010-07,0.63
GCAG,2010-07,0.6112
GISTEMP,2010-08,0.67
GCAG,2010-08,0.6089
GISTEMP,2010-09,0.63
GCAG,2010-09,0.5602
GISTEMP,2010-10,0.71
GCAG,2010-10,0.6386
GISTEMP,2010-11,0.81
GCAG,2010-11,0.7283
GISTEMP,2010-12,0.45
GCAG,2010-12,0.4299
GISTEMP,2011-01,0.52
GCAG,2011-01,0.4519
GISTEMP,2011-02,0.47
GCAG,2011-02,0.4231
GISTEMP,2011-03,0.66
GCAG,2011-03,0.5489
GISTEMP,2011-04,0.64
GCAG,2011-04,0.591
GISTEMP,2011-05,0.53
GCAG,2011-05,0.4381
GISTEMP,2011-06,0.63
GCAG,2011-06,0.5415
GISTEMP,2011-07,0.7
GCAG,2011-07,0.6393
GISTEMP,2011-08,0.75
GCAG,2011-08,0.6508
GISTEMP,2011-09,0.56
GCAG,2011-09,0.5358
GISTEMP,2011-10,0.65
GCAG,2011-10,0.5743
GISTEMP,2011-11,0.59
GCAG,2011-11,0.5068
GISTEMP,2011-12,0.6
GCAG,2011-12,0.4898
GISTEMP,2012-01,0.47
GCAG,2012-01,0.3647
GISTEMP,2012-02,0.48
GCAG,2012-02,0.4557
GISTEMP,2012-03,0.57
GCAG,2012-03,0.416
GISTEMP,2012-04,0.73
GCAG,2012-04,0.6034
GISTEMP,2012-05,0.78
GCAG,2012-05,0.6515
GISTEMP,2012-06,0.64
GCAG,2012-06,0.6251
GISTEMP,2012-07,0.59
GCAG,2012-07,0.5659
GISTEMP,2012-08,0.66
GCAG,2012-08,0.6452
GISTEMP,2012-09,0.72
GCAG,2012-09,0.6352
GISTEMP,2012-10,0.79
GCAG,2012-10,0.7239
GISTEMP,2012-11,0.78
GCAG,2012-11,0.7158
GISTEMP,2012-12,0.53
GCAG,2012-12,0.4558
GISTEMP,2013-01,0.71
GCAG,2013-01,0.6024
GISTEMP,2013-02,0.62
GCAG,2013-02,0.5189
GISTEMP,2013-03,0.67
GCAG,2013-03,0.576
GISTEMP,2013-04,0.53
GCAG,2013-04,0.5657
GISTEMP,2013-05,0.6
GCAG,2013-05,0.5511
GISTEMP,2013-06,0.69
GCAG,2013-06,0.6564
GISTEMP,2013-07,0.6
GCAG,2013-07,0.5848
GISTEMP,2013-08,0.7
GCAG,2013-08,0.6362
GISTEMP,2013-09,0.76
GCAG,2013-09,0.719
GISTEMP,2013-10,0.69
GCAG,2013-10,0.6479
GISTEMP,2013-11,0.83
GCAG,2013-11,0.7649
GISTEMP,2013-12,0.7
GCAG,2013-12,0.6004
GISTEMP,2014-01,0.76
GCAG,2014-01,0.6645
GISTEMP,2014-02,0.55
GCAG,2014-02,0.4831
GISTEMP,2014-03,0.78
GCAG,2014-03,0.6806
GISTEMP,2014-04,0.81
GCAG,2014-04,0.7297
GISTEMP,2014-05,0.86
GCAG,2014-05,0.728
GISTEMP,2014-06,0.67
GCAG,2014-06,0.6138
GISTEMP,2014-07,0.58
GCAG,2014-07,0.5813
GISTEMP,2014-08,0.83
GCAG,2014-08,0.7286
GISTEMP,2014-09,0.88
GCAG,2014-09,0.7607
GISTEMP,2014-10,0.8
GCAG,2014-10,0.7378
GISTEMP,2014-11,0.67
GCAG,2014-11,0.6286
GISTEMP,2014-12,0.79
GCAG,2014-12,0.6775
GISTEMP,2015-01,0.86
GCAG,2015-01,0.7322
GISTEMP,2015-02,0.91
GCAG,2015-02,0.7729
GISTEMP,2015-03,0.96
GCAG,2015-03,0.7874
GISTEMP,2015-04,0.75
GCAG,2015-04,0.6843
GISTEMP,2015-05,0.8
GCAG,2015-05,0.7258
GISTEMP,2015-06,0.81
GCAG,2015-06,0.7518
GISTEMP,2015-07,0.73
GCAG,2015-07,0.7096
GISTEMP,2015-08,0.8
GCAG,2015-08,0.7994
GISTEMP,2015-09,0.84
GCAG,2015-09,0.8179
GISTEMP,2015-10,1.07
GCAG,2015-10,1.0137
GISTEMP,2015-11,1.06
GCAG,2015-11,0.9855
GISTEMP,2015-12,1.17
GCAG,2015-12,1.0351
GISTEMP,2016-01,1.18
GCAG,2016-01,1.0793
GISTEMP,2016-02,1.37
GCAG,2016-02,1.2161
GISTEMP,2016-03,1.35
GCAG,2016-03,1.1764
GISTEMP,2016-04,1.09
GCAG,2016-04,1.023
GISTEMP,2016-05,0.95
GCAG,2016-05,0.8734
GISTEMP,2016-06,0.81
GCAG,2016-06,0.7691
GISTEMP,2016-07,0.84
GCAG,2016-07,0.7612
GISTEMP,2016-08,1.01
GCAG,2016-08,0.9397
GISTEMP,2016-09,0.9
GCAG,2016-09,0.8369
GISTEMP,2016-10,0.87
GCAG,2016-10,0.8117
GISTEMP,2016-11,0.91
GCAG,2016-11,0.839
GISTEMP,2016-12,0.86
GCAG,2016-12,0.7721
GISTEMP,2017-01,1.02
GCAG,2017-01,0.947
GISTEMP,2017-02,1.13
GCAG,2017-02,1.0622
GISTEMP,2017-03,1.16
GCAG,2017-03,1.0444
GISTEMP,2017-04,0.93
GCAG,2017-04,0.8352
GISTEMP,2017-05,0.91
GCAG,2017-05,0.7755
GISTEMP,2017-06,0.71
GCAG,2017-06,0.6497
GISTEMP,2017-07,0.82
GCAG,2017-07,0.7935
GISTEMP,2017-08,0.87
GCAG,2017-08,0.8019
GISTEMP,2017-09,0.74
GCAG,2017-09,0.7227
GISTEMP,2017-10,0.88
GCAG,2017-10,0.8041
GISTEMP,2017-11,0.87
GCAG,2017-11,0.7948
GISTEMP,2017-12,0.93
GCAG,2017-12,0.8065
GISTEMP,2018-01,0.82
GCAG,2018-01,0.7073
GISTEMP,2018-02,0.85
GCAG,2018-02,0.7763
GISTEMP,2018-03,0.88
GCAG,2018-03,0.7757
GISTEMP,2018-04,0.88
GCAG,2018-04,0.8108
GISTEMP,2018-05,0.81
GCAG,2018-05,0.7014
GISTEMP,2018-06,0.76
GCAG,2018-06,0.7268
GISTEMP,2018-07,0.83
GCAG,2018-07,0.7242
GISTEMP,2018-08,0.78
GCAG,2018-08,0.7335
GISTEMP,2018-09,0.8
GCAG,2018-09,0.6766
GISTEMP,2018-10,1.02
GCAG,2018-10,0.8582
GISTEMP,2018-11,0.83
GCAG,2018-11,0.7319
GISTEMP,2018-12,0.93
GCAG,2018-12,0.8156
GISTEMP,2019-01,0.93
GCAG,2019-01,0.8132
GISTEMP,2019-02,0.95
GCAG,2019-02,0.8345
GISTEMP,2019-03,1.17
GCAG,2019-03,1.0769
GISTEMP,2019-04,1.01
GCAG,2019-04,0.9251
GISTEMP,2019-05,0.86
GCAG,2019-05,0.7766
GISTEMP,2019-06,0.9
GCAG,2019-06,0.8078
GISTEMP,2019-07,0.94
GCAG,2019-07,0.8515
GISTEMP,2019-08,0.95
GCAG,2019-08,0.8364
GISTEMP,2019-09,0.93
GCAG,2019-09,0.8134
GISTEMP,2019-10,1.0
GCAG,2019-10,0.9541
GISTEMP,2019-11,0.99
GCAG,2019-11,0.933
GISTEMP,2019-12,1.11
GCAG,2019-12,1.0256
GISTEMP,2020-01,1.18
GCAG,2020-01,1.0581
GISTEMP,2020-02,1.24
GCAG,2020-02,1.1097
GISTEMP,2020-03,1.18
GCAG,2020-03,1.0748
GISTEMP,2020-04,1.12
GCAG,2020-04,1.0499
GISTEMP,2020-05,0.99
GCAG,2020-05,0.8944
GISTEMP,2020-06,0.91
GCAG,2020-06,0.8113
GISTEMP,2020-07,0.89
GCAG,2020-07,0.8217
GISTEMP,2020-08,0.86
GCAG,2020-08,0.8095
GISTEMP,2020-09,0.97
GCAG,2020-09,0.8666
GISTEMP,2020-10,0.87
GCAG,2020-10,0.7993
GISTEMP,2020-11,1.09
GCAG,2020-11,1.0072
GISTEMP,2020-12,0.8
GCAG,2020-12,0.6923
GISTEMP,2021-01,0.82
GCAG,2021-01,0.707
GISTEMP,2021-02,0.64
GCAG,2021-02,0.5647
GISTEMP,2021-03,0.89
GCAG,2021-03,0.7374
GISTEMP,2021-04,0.76
GCAG,2021-04,0.7573
GISTEMP,2021-05,0.79
GCAG,2021-05,0.6982
GISTEMP,2021-06,0.85
GCAG,2021-06,0.7178
GISTEMP,2021-07,0.92
GCAG,2021-07,0.791
GISTEMP,2021-08,0.81
GCAG,2021-08,0.8094
GISTEMP,2021-09,0.92
GCAG,2021-09,0.8747
GISTEMP,2021-10,0.98
GCAG,2021-10,0.9278
GISTEMP,2021-11,0.92
GCAG,2021-11,0.8644
GISTEMP,2021-12,0.88
GCAG,2021-12,0.7581
GISTEMP,2022-01,0.91
GCAG,2022-01,0.7816
GISTEMP,2022-02,0.89
GCAG,2022-02,0.7527
GISTEMP,2022-03,1.04
GCAG,2022-03,0.8898
GISTEMP,2022-04,0.83
GCAG,2022-04,0.7672
GISTEMP,2022-05,0.84
GCAG,2022-05,0.7497
GISTEMP,2022-06,0.92
GCAG,2022-06,0.8475
GISTEMP,2022-07,0.94
GCAG,2022-07,0.7776
GISTEMP,2022-08,0.95
GCAG,2022-08,0.8753
GISTEMP,2022-09,0.89
GCAG,2022-09,0.816
GISTEMP,2022-10,0.97
GCAG,2022-10,0.9506
GISTEMP,2022-11,0.73
GCAG,2022-11,0.6687
GISTEMP,2022-12,0.8
GCAG,2022-12,0.7452
GISTEMP,2023-01,0.88
GCAG,2023-01,0.7827
GISTEMP,2023-02,0.97
GCAG,2023-02,0.8863
GISTEMP,2023-03,1.23
GCAG,2023-03,1.1295
GISTEMP,2023-04,0.99
GCAG,2023-04,0.9248
GISTEMP,2023-05,0.94
GCAG,2023-05,0.8798
GISTEMP,2023-06,1.08
GCAG,2023-06,1.0592
GISTEMP,2023-07,1.19
GCAG,2023-07,1.1612
GISTEMP,2023-08,1.19
GCAG,2023-08,1.2127
GISTEMP,2023-09,1.48
GCAG,2023-09,1.3481
GISTEMP,2023-10,1.34
GCAG,2023-10,1.3267
GISTEMP,2023-11,1.4
GCAG,2023-11,1.3421
GISTEMP,2023-12,1.36
GCAG,2023-12,1.2644
GISTEMP,2024-01,1.25
GCAG,2024-01,1.1459
GISTEMP,2024-02,1.43
GCAG,2024-02,1.2757
GISTEMP,2024-03,1.39
GCAG,2024-03,1.2212
GISTEMP,2024-04,1.31
GCAG,2024-04,1.207
GISTEMP,2024-05,1.16
GCAG,2024-05,1.0613
GISTEMP,2024-06,1.24
GCAG,2024-06,1.0936
GISTEMP,2024-07,1.2
GCAG,2024-07,1.1301
GISTEMP,2024-08,1.3
GCAG,2024-08,1.2156
GISTEMP,2024-09,1.23
GCAG,2024-09,1.1435
GISTEMP,2024-10,1.35
GCAG,2024-10,1.2006
GISTEMP,2024-11,1.29
GCAG,2024-11,1.2102
GISTEMP,2024-12,1.27
GCAG,2024-12,1.1292
GISTEMP,2025-01,1.38
GCAG,2025-01,1.2564
GISTEMP,2025-02,1.27
GCAG,2025-02,1.1164
GISTEMP,2025-03,1.38
GCAG,2025-03,1.1612
GISTEMP,2025-04,1.24
GCAG,2025-04,1.0905
GISTEMP,2025-05,1.08
GCAG,2025-05,0.9524
GISTEMP,2025-06,1.06
GCAG,2025-06,0.8823
GISTEMP,2025-07,1.02
GCAG,2025-07,0.9311
GISTEMP,2025-08,1.17
GCAG,2025-08,1.0157
GISTEMP,2025-09,1.25
GCAG,2025-09,1.1023
GISTEMP,2025-10,1.19
GCAG,2025-10,1.0901
GISTEMP,2025-11,1.2
GCAG,2025-11,1.0748
GISTEMP,2025-12,1.07
GCAG,2025-12,0.9245
GCAG,2026-01,0.9978
GCAG,2026-02,1.0495
GCAG,2026-03,1.0496
